{
  "schemaVersion": "0.70",
  "planningReference": "AUTO-20251206-233E7006",
  "timezone": "Asia/Singapore",
  "fixedRotationOffset": true,
  "planningHorizon": {
    "startDate": "2026-03-01",
    "endDate": "2026-03-31"
  },
  "solverConfig": {
    "optimizationMode": "balanceWorkload",
    "maxEmployeesToUse": 102
  },
  "publicHolidays": [
    "2026-03-21"
  ],
  "solverRunTime": {
    "maxSeconds": 600
  },
  "schemeMap": {
    "A": "Scheme A",
    "B": "Scheme B",
    "P": "Scheme P"
  },
  "demandItems": [
    {
      "demandId": "DI-2512060518-61035715",
      "locationId": "LOC-AD4+10-4712",
      "ouId": "SAO",
      "shiftStartDate": "2026-03-01",
      "shifts": [
        {
          "shiftDetails": [
            {
              "shiftCode": "D",
              "start": "09:00:00",
              "end": "18:00:00",
              "nextDay": false
            }
          ],
          "includePublicHolidays": true,
          "includeEveOfPublicHolidays": true,
          "shiftSetId": "Set_DI_2512060518_61035715",
          "coverageDays": [
            "Mon",
            "Tue",
            "Wed",
            "Thu",
            "Fri"
          ],
          "coverageAnchor": "2026-03-01",
          "whitelist": {
            "teamIds": [],
            "employeeIds": []
          },
          "blacklist": {
            "employeeIds": []
          }
        }
      ],
      "requirements": [
        {
          "requirementId": "52_1",
          "productTypeId": "APO",
          "rankId": "SER",
          "headcount": 10,
          "workPattern": [
            "D",
            "D",
            "D",
            "O",
            "O"
          ],
          "requiredQualifications": [],
          "gender": "Any",
          "Scheme": "Global"
        }
      ]
    },
    {
      "demandId": "DI-2512060518-99611377",
      "locationId": "LOC-SAA0-6658",
      "ouId": "SAO",
      "shiftStartDate": "2026-03-01",
      "shifts": [
        {
          "shiftDetails": [
            {
              "shiftCode": "D",
              "start": "08:00:00",
              "end": "20:00:00",
              "nextDay": false
            }
          ],
          "includePublicHolidays": true,
          "includeEveOfPublicHolidays": true,
          "shiftSetId": "Set_DI_2512060518_99611377",
          "coverageDays": [
            "Mon",
            "Tue",
            "Wed",
            "Thu",
            "Fri",
            "Sat",
            "Sun"
          ],
          "coverageAnchor": "2026-03-01",
          "whitelist": {
            "teamIds": [],
            "employeeIds": []
          },
          "blacklist": {
            "employeeIds": []
          }
        }
      ],
      "requirements": [
        {
          "requirementId": "53_1",
          "productTypeId": "APO",
          "rankId": "SER",
          "headcount": 15,
          "workPattern": [
            "D",
            "D",
            "D",
            "D",
            "O",
            "D",
            "D"
          ],
          "requiredQualifications": [],
          "gender": "Any",
          "Scheme": "Global"
        }
      ]
    }
  ],
  "employees": [
    {
      "employeeId": "00017500",
      "ouId": "SAO",
      "teamId": "TM-C0FA64C30",
      "productTypeId": "APO",
      "rankId": "SER",
      "scheme": "A",
      "rotationOffset": 0,
      "gender": "Male",
      "qualifications": [],
      "preferences": {},
      "unavailability": []
    },
    {
      "employeeId": "00023501",
      "ouId": "SAO",
      "teamId": "TM-C0FA64C30",
      "productTypeId": "APO",
      "rankId": "SER",
      "scheme": "A",
      "rotationOffset": 0,
      "gender": "Male",
      "qualifications": [],
      "preferences": {},
      "unavailability": []
    },
    {
      "employeeId": "00024674",
      "ouId": "SAO",
      "teamId": "TM-C0FA64C30",
      "productTypeId": "APO",
      "rankId": "SER",
      "scheme": "B",
      "rotationOffset": 0,
      "gender": "Male",
      "qualifications": [],
      "preferences": {},
      "unavailability": []
    },
    {
      "employeeId": "00026517",
      "ouId": "SAO",
      "teamId": "TM-C0FA64C30",
      "productTypeId": "APO",
      "rankId": "SER",
      "scheme": "A",
      "rotationOffset": 0,
      "gender": "Male",
      "qualifications": [],
      "preferences": {},
      "unavailability": []
    },
    {
      "employeeId": "00027821",
      "ouId": "SAO",
      "teamId": "TM-C0FA64C30",
      "productTypeId": "APO",
      "rankId": "SER",
      "scheme": "B",
      "rotationOffset": 0,
      "gender": "Male",
      "qualifications": [],
      "preferences": {},
      "unavailability": []
    },
    {
      "employeeId": "00028053",
      "ouId": "SAO",
      "teamId": "TM-C0FA64C30",
      "productTypeId": "APO",
      "rankId": "SER",
      "scheme": "B",
      "rotationOffset": 0,
      "gender": "Male",
      "qualifications": [],
      "preferences": {},
      "unavailability": []
    },
    {
      "employeeId": "00030487",
      "ouId": "SAO",
      "teamId": "TM-C0FA64C30",
      "productTypeId": "APO",
      "rankId": "SER",
      "scheme": "B",
      "rotationOffset": 0,
      "gender": "Male",
      "qualifications": [],
      "preferences": {},
      "unavailability": []
    },
    {
      "employeeId": "00032102",
      "ouId": "SAO",
      "teamId": "TM-C0FA64C30",
      "productTypeId": "APO",
      "rankId": "SER",
      "scheme": "A",
      "rotationOffset": 0,
      "gender": "Male",
      "qualifications": [],
      "preferences": {},
      "unavailability": []
    },
    {
      "employeeId": "00033426",
      "ouId": "SAO",
      "teamId": "TM-C0FA64C30",
      "productTypeId": "APO",
      "rankId": "SER",
      "scheme": "A",
      "rotationOffset": 0,
      "gender": "Male",
      "qualifications": [],
      "preferences": {},
      "unavailability": []
    },
    {
      "employeeId": "00033448",
      "ouId": "SAO",
      "teamId": "TM-C0FA64C30",
      "productTypeId": "APO",
      "rankId": "SER",
      "scheme": "A",
      "rotationOffset": 0,
      "gender": "Male",
      "qualifications": [],
      "preferences": {},
      "unavailability": []
    },
    {
      "employeeId": "00033644",
      "ouId": "SAO",
      "teamId": "TM-C0FA64C30",
      "productTypeId": "APO",
      "rankId": "SER",
      "scheme": "A",
      "rotationOffset": 0,
      "gender": "Male",
      "qualifications": [],
      "preferences": {},
      "unavailability": []
    },
    {
      "employeeId": "00034246",
      "ouId": "SAO",
      "teamId": "TM-C0FA64C30",
      "productTypeId": "APO",
      "rankId": "SER",
      "scheme": "A",
      "rotationOffset": 0,
      "gender": "Male",
      "qualifications": [],
      "preferences": {},
      "unavailability": []
    },
    {
      "employeeId": "00034249",
      "ouId": "SAO",
      "teamId": "TM-C0FA64C30",
      "productTypeId": "APO",
      "rankId": "SER",
      "scheme": "A",
      "rotationOffset": 0,
      "gender": "Male",
      "qualifications": [],
      "preferences": {},
      "unavailability": []
    },
    {
      "employeeId": "00035446",
      "ouId": "SAO",
      "teamId": "TM-C0FA64C30",
      "productTypeId": "APO",
      "rankId": "SER",
      "scheme": "A",
      "rotationOffset": 0,
      "gender": "Male",
      "qualifications": [],
      "preferences": {},
      "unavailability": []
    },
    {
      "employeeId": "00036144",
      "ouId": "SAO",
      "teamId": "TM-C0FA64C30",
      "productTypeId": "APO",
      "rankId": "SER",
      "scheme": "A",
      "rotationOffset": 0,
      "gender": "Male",
      "qualifications": [],
      "preferences": {},
      "unavailability": []
    },
    {
      "employeeId": "00041243",
      "ouId": "SAO",
      "teamId": "TM-C0FA64C30",
      "productTypeId": "APO",
      "rankId": "SER",
      "scheme": "A",
      "rotationOffset": 0,
      "gender": "Male",
      "qualifications": [],
      "preferences": {},
      "unavailability": []
    },
    {
      "employeeId": "00042728",
      "ouId": "SAO",
      "teamId": "TM-C0FA64C30",
      "productTypeId": "APO",
      "rankId": "SER",
      "scheme": "A",
      "rotationOffset": 0,
      "gender": "Male",
      "qualifications": [],
      "preferences": {},
      "unavailability": []
    },
    {
      "employeeId": "00043056",
      "ouId": "SAO",
      "teamId": "TM-C0FA64C30",
      "productTypeId": "APO",
      "rankId": "SER",
      "scheme": "B",
      "rotationOffset": 0,
      "gender": "Male",
      "qualifications": [],
      "preferences": {},
      "unavailability": []
    },
    {
      "employeeId": "00043917",
      "ouId": "SAO",
      "teamId": "TM-C0FA64C30",
      "productTypeId": "APO",
      "rankId": "SER",
      "scheme": "A",
      "rotationOffset": 0,
      "gender": "Male",
      "qualifications": [],
      "preferences": {},
      "unavailability": []
    },
    {
      "employeeId": "00045832",
      "ouId": "SAO",
      "teamId": "TM-C0FA64C30",
      "productTypeId": "APO",
      "rankId": "SER",
      "scheme": "A",
      "rotationOffset": 0,
      "gender": "Male",
      "qualifications": [],
      "preferences": {},
      "unavailability": []
    },
    {
      "employeeId": "00046623",
      "ouId": "SAO",
      "teamId": "TM-C0FA64C30",
      "productTypeId": "APO",
      "rankId": "SER",
      "scheme": "B",
      "rotationOffset": 0,
      "gender": "Male",
      "qualifications": [],
      "preferences": {},
      "unavailability": []
    },
    {
      "employeeId": "00047797",
      "ouId": "SAO",
      "teamId": "TM-C0FA64C30",
      "productTypeId": "APO",
      "rankId": "SER",
      "scheme": "B",
      "rotationOffset": 0,
      "gender": "Male",
      "qualifications": [],
      "preferences": {},
      "unavailability": []
    },
    {
      "employeeId": "00048320",
      "ouId": "SAO",
      "teamId": "TM-C0FA64C30",
      "productTypeId": "APO",
      "rankId": "SER",
      "scheme": "A",
      "rotationOffset": 0,
      "gender": "Male",
      "qualifications": [],
      "preferences": {},
      "unavailability": []
    },
    {
      "employeeId": "00048569",
      "ouId": "SAO",
      "teamId": "TM-C0FA64C30",
      "productTypeId": "APO",
      "rankId": "SER",
      "scheme": "A",
      "rotationOffset": 0,
      "gender": "Male",
      "qualifications": [],
      "preferences": {},
      "unavailability": []
    },
    {
      "employeeId": "00049464",
      "ouId": "SAO",
      "teamId": "TM-C0FA64C30",
      "productTypeId": "APO",
      "rankId": "SER",
      "scheme": "A",
      "rotationOffset": 0,
      "gender": "Female",
      "qualifications": [],
      "preferences": {},
      "unavailability": []
    },
    {
      "employeeId": "00052462",
      "ouId": "SAO",
      "teamId": "TM-C0FA64C30",
      "productTypeId": "APO",
      "rankId": "SER",
      "scheme": "A",
      "rotationOffset": 0,
      "gender": "Male",
      "qualifications": [],
      "preferences": {},
      "unavailability": []
    },
    {
      "employeeId": "00061072",
      "ouId": "SAO",
      "teamId": "TM-C0FA64C30",
      "productTypeId": "APO",
      "rankId": "SER",
      "scheme": "A",
      "rotationOffset": 0,
      "gender": "Male",
      "qualifications": [],
      "preferences": {},
      "unavailability": []
    },
    {
      "employeeId": "00061361",
      "ouId": "SAO",
      "teamId": "TM-C0FA64C30",
      "productTypeId": "APO",
      "rankId": "SER",
      "scheme": "A",
      "rotationOffset": 0,
      "gender": "Male",
      "qualifications": [],
      "preferences": {},
      "unavailability": []
    },
    {
      "employeeId": "00062157",
      "ouId": "SAO",
      "teamId": "TM-C0FA64C30",
      "productTypeId": "APO",
      "rankId": "SER",
      "scheme": "B",
      "rotationOffset": 0,
      "gender": "Male",
      "qualifications": [],
      "preferences": {},
      "unavailability": []
    },
    {
      "employeeId": "00064091",
      "ouId": "SAO",
      "teamId": "TM-C0FA64C30",
      "productTypeId": "APO",
      "rankId": "SER",
      "scheme": "A",
      "rotationOffset": 0,
      "gender": "Male",
      "qualifications": [],
      "preferences": {},
      "unavailability": []
    },
    {
      "employeeId": "00067901",
      "ouId": "SAO",
      "teamId": "TM-C0FA64C30",
      "productTypeId": "APO",
      "rankId": "SER",
      "scheme": "B",
      "rotationOffset": 0,
      "gender": "Male",
      "qualifications": [],
      "preferences": {},
      "unavailability": []
    },
    {
      "employeeId": "00069723",
      "ouId": "SAO",
      "teamId": "TM-C0FA64C30",
      "productTypeId": "APO",
      "rankId": "SER",
      "scheme": "A",
      "rotationOffset": 0,
      "gender": "Male",
      "qualifications": [],
      "preferences": {},
      "unavailability": []
    },
    {
      "employeeId": "00073354",
      "ouId": "SAO",
      "teamId": "TM-C0FA64C30",
      "productTypeId": "APO",
      "rankId": "SER",
      "scheme": "A",
      "rotationOffset": 0,
      "gender": "Male",
      "qualifications": [],
      "preferences": {},
      "unavailability": []
    },
    {
      "employeeId": "00075563",
      "ouId": "SAO",
      "teamId": "TM-C0FA64C30",
      "productTypeId": "APO",
      "rankId": "SER",
      "scheme": "A",
      "rotationOffset": 0,
      "gender": "Male",
      "qualifications": [],
      "preferences": {},
      "unavailability": []
    },
    {
      "employeeId": "00075987",
      "ouId": "SAO",
      "teamId": "TM-C0FA64C30",
      "productTypeId": "APO",
      "rankId": "SER",
      "scheme": "A",
      "rotationOffset": 0,
      "gender": "Male",
      "qualifications": [],
      "preferences": {},
      "unavailability": []
    },
    {
      "employeeId": "00082788",
      "ouId": "SAO",
      "teamId": "TM-C0FA64C30",
      "productTypeId": "APO",
      "rankId": "SER",
      "scheme": "A",
      "rotationOffset": 0,
      "gender": "Male",
      "qualifications": [],
      "preferences": {},
      "unavailability": []
    },
    {
      "employeeId": "00083626",
      "ouId": "SAO",
      "teamId": "TM-C0FA64C30",
      "productTypeId": "APO",
      "rankId": "SER",
      "scheme": "A",
      "rotationOffset": 0,
      "gender": "Male",
      "qualifications": [],
      "preferences": {},
      "unavailability": []
    },
    {
      "employeeId": "00103591",
      "ouId": "SAO",
      "teamId": "TM-C0FA64C30",
      "productTypeId": "APO",
      "rankId": "SER",
      "scheme": "A",
      "rotationOffset": 0,
      "gender": "Male",
      "qualifications": [],
      "preferences": {},
      "unavailability": []
    },
    {
      "employeeId": "00104262",
      "ouId": "SAO",
      "teamId": "TM-C0FA64C30",
      "productTypeId": "APO",
      "rankId": "SER",
      "scheme": "A",
      "rotationOffset": 0,
      "gender": "Male",
      "qualifications": [],
      "preferences": {},
      "unavailability": []
    },
    {
      "employeeId": "00108960",
      "ouId": "SAO",
      "teamId": "TM-C0FA64C30",
      "productTypeId": "APO",
      "rankId": "SER",
      "scheme": "A",
      "rotationOffset": 0,
      "gender": "Male",
      "qualifications": [],
      "preferences": {},
      "unavailability": []
    },
    {
      "employeeId": "00110416",
      "ouId": "SAO",
      "teamId": "TM-C0FA64C30",
      "productTypeId": "APO",
      "rankId": "SER",
      "scheme": "A",
      "rotationOffset": 0,
      "gender": "Male",
      "qualifications": [],
      "preferences": {},
      "unavailability": []
    },
    {
      "employeeId": "00121463",
      "ouId": "SAO",
      "teamId": "TM-C0FA64C30",
      "productTypeId": "APO",
      "rankId": "SER",
      "scheme": "A",
      "rotationOffset": 0,
      "gender": "Male",
      "qualifications": [],
      "preferences": {},
      "unavailability": []
    },
    {
      "employeeId": "00121533",
      "ouId": "SAO",
      "teamId": "TM-C0FA64C30",
      "productTypeId": "APO",
      "rankId": "SER",
      "scheme": "A",
      "rotationOffset": 0,
      "gender": "Male",
      "qualifications": [],
      "preferences": {},
      "unavailability": []
    },
    {
      "employeeId": "00121689",
      "ouId": "SAO",
      "teamId": "TM-C0FA64C30",
      "productTypeId": "APO",
      "rankId": "SER",
      "scheme": "A",
      "rotationOffset": 0,
      "gender": "Male",
      "qualifications": [],
      "preferences": {},
      "unavailability": []
    },
    {
      "employeeId": "00121975",
      "ouId": "SAO",
      "teamId": "TM-C0FA64C30",
      "productTypeId": "APO",
      "rankId": "SER",
      "scheme": "A",
      "rotationOffset": 0,
      "gender": "Male",
      "qualifications": [],
      "preferences": {},
      "unavailability": []
    },
    {
      "employeeId": "00137793",
      "ouId": "SAO",
      "teamId": "TM-C0FA64C30",
      "productTypeId": "APO",
      "rankId": "SER",
      "scheme": "A",
      "rotationOffset": 0,
      "gender": "Male",
      "qualifications": [],
      "preferences": {},
      "unavailability": []
    },
    {
      "employeeId": "00141547",
      "ouId": "SAO",
      "teamId": "TM-C0FA64C30",
      "productTypeId": "APO",
      "rankId": "SER",
      "scheme": "A",
      "rotationOffset": 0,
      "gender": "Male",
      "qualifications": [],
      "preferences": {},
      "unavailability": []
    },
    {
      "employeeId": "00145122",
      "ouId": "SAO",
      "teamId": "TM-C0FA64C30",
      "productTypeId": "APO",
      "rankId": "SER",
      "scheme": "A",
      "rotationOffset": 0,
      "gender": "Male",
      "qualifications": [],
      "preferences": {},
      "unavailability": []
    },
    {
      "employeeId": "00145287",
      "ouId": "SAO",
      "teamId": "TM-C0FA64C30",
      "productTypeId": "APO",
      "rankId": "SER",
      "scheme": "A",
      "rotationOffset": 0,
      "gender": "Male",
      "qualifications": [],
      "preferences": {},
      "unavailability": []
    },
    {
      "employeeId": "00146689",
      "ouId": "SAO",
      "teamId": "TM-C0FA64C30",
      "productTypeId": "APO",
      "rankId": "SER",
      "scheme": "B",
      "rotationOffset": 0,
      "gender": "Male",
      "qualifications": [],
      "preferences": {},
      "unavailability": []
    },
    {
      "employeeId": "00148866",
      "ouId": "SAO",
      "teamId": "TM-C0FA64C30",
      "productTypeId": "APO",
      "rankId": "SER",
      "scheme": "A",
      "rotationOffset": 0,
      "gender": "Male",
      "qualifications": [],
      "preferences": {},
      "unavailability": []
    },
    {
      "employeeId": "00149168",
      "ouId": "SAO",
      "teamId": "TM-C0FA64C30",
      "productTypeId": "APO",
      "rankId": "SER",
      "scheme": "A",
      "rotationOffset": 0,
      "gender": "Male",
      "qualifications": [],
      "preferences": {},
      "unavailability": []
    },
    {
      "employeeId": "00149995",
      "ouId": "SAO",
      "teamId": "TM-C0FA64C30",
      "productTypeId": "APO",
      "rankId": "SER",
      "scheme": "A",
      "rotationOffset": 0,
      "gender": "Male",
      "qualifications": [],
      "preferences": {},
      "unavailability": []
    },
    {
      "employeeId": "00150211",
      "ouId": "SAO",
      "teamId": "TM-C0FA64C30",
      "productTypeId": "APO",
      "rankId": "SER",
      "scheme": "A",
      "rotationOffset": 0,
      "gender": "Male",
      "qualifications": [],
      "preferences": {},
      "unavailability": []
    },
    {
      "employeeId": "00150380",
      "ouId": "SAO",
      "teamId": "TM-C0FA64C30",
      "productTypeId": "APO",
      "rankId": "SER",
      "scheme": "B",
      "rotationOffset": 0,
      "gender": "Male",
      "qualifications": [],
      "preferences": {},
      "unavailability": []
    },
    {
      "employeeId": "00151006",
      "ouId": "SAO",
      "teamId": "TM-C0FA64C30",
      "productTypeId": "APO",
      "rankId": "SER",
      "scheme": "B",
      "rotationOffset": 0,
      "gender": "Male",
      "qualifications": [],
      "preferences": {},
      "unavailability": []
    },
    {
      "employeeId": "00151172",
      "ouId": "SAO",
      "teamId": "TM-C0FA64C30",
      "productTypeId": "APO",
      "rankId": "SER",
      "scheme": "A",
      "rotationOffset": 0,
      "gender": "Male",
      "qualifications": [],
      "preferences": {},
      "unavailability": []
    },
    {
      "employeeId": "00152140",
      "ouId": "SAO",
      "teamId": "TM-C0FA64C30",
      "productTypeId": "APO",
      "rankId": "SER",
      "scheme": "A",
      "rotationOffset": 0,
      "gender": "Male",
      "qualifications": [],
      "preferences": {},
      "unavailability": []
    },
    {
      "employeeId": "00152874",
      "ouId": "SAO",
      "teamId": "TM-C0FA64C30",
      "productTypeId": "APO",
      "rankId": "SER",
      "scheme": "B",
      "rotationOffset": 0,
      "gender": "Male",
      "qualifications": [],
      "preferences": {},
      "unavailability": []
    },
    {
      "employeeId": "00153055",
      "ouId": "SAO",
      "teamId": "TM-C0FA64C30",
      "productTypeId": "APO",
      "rankId": "SER",
      "scheme": "B",
      "rotationOffset": 0,
      "gender": "Male",
      "qualifications": [],
      "preferences": {},
      "unavailability": []
    },
    {
      "employeeId": "00153060",
      "ouId": "SAO",
      "teamId": "TM-C0FA64C30",
      "productTypeId": "APO",
      "rankId": "SER",
      "scheme": "B",
      "rotationOffset": 0,
      "gender": "Male",
      "qualifications": [],
      "preferences": {},
      "unavailability": []
    },
    {
      "employeeId": "00153145",
      "ouId": "SAO",
      "teamId": "TM-C0FA64C30",
      "productTypeId": "APO",
      "rankId": "SER",
      "scheme": "B",
      "rotationOffset": 0,
      "gender": "Male",
      "qualifications": [],
      "preferences": {},
      "unavailability": []
    },
    {
      "employeeId": "00153265",
      "ouId": "SAO",
      "teamId": "TM-C0FA64C30",
      "productTypeId": "APO",
      "rankId": "SER",
      "scheme": "A",
      "rotationOffset": 0,
      "gender": "Male",
      "qualifications": [],
      "preferences": {},
      "unavailability": []
    },
    {
      "employeeId": "00153273",
      "ouId": "SAO",
      "teamId": "TM-C0FA64C30",
      "productTypeId": "APO",
      "rankId": "SER",
      "scheme": "A",
      "rotationOffset": 0,
      "gender": "Male",
      "qualifications": [],
      "preferences": {},
      "unavailability": []
    },
    {
      "employeeId": "00153291",
      "ouId": "SAO",
      "teamId": "TM-C0FA64C30",
      "productTypeId": "APO",
      "rankId": "SER",
      "scheme": "A",
      "rotationOffset": 0,
      "gender": "Male",
      "qualifications": [],
      "preferences": {},
      "unavailability": []
    },
    {
      "employeeId": "00153409",
      "ouId": "SAO",
      "teamId": "TM-C0FA64C30",
      "productTypeId": "APO",
      "rankId": "SER",
      "scheme": "A",
      "rotationOffset": 0,
      "gender": "Female",
      "qualifications": [],
      "preferences": {},
      "unavailability": []
    },
    {
      "employeeId": "00153741",
      "ouId": "SAO",
      "teamId": "TM-C0FA64C30",
      "productTypeId": "APO",
      "rankId": "SER",
      "scheme": "A",
      "rotationOffset": 0,
      "gender": "Male",
      "qualifications": [],
      "preferences": {},
      "unavailability": []
    },
    {
      "employeeId": "00153964",
      "ouId": "SAO",
      "teamId": "TM-C0FA64C30",
      "productTypeId": "APO",
      "rankId": "SER",
      "scheme": "B",
      "rotationOffset": 0,
      "gender": "Male",
      "qualifications": [],
      "preferences": {},
      "unavailability": []
    },
    {
      "employeeId": "00154163",
      "ouId": "SAO",
      "teamId": "TM-C0FA64C30",
      "productTypeId": "APO",
      "rankId": "SER",
      "scheme": "A",
      "rotationOffset": 0,
      "gender": "Male",
      "qualifications": [],
      "preferences": {},
      "unavailability": []
    },
    {
      "employeeId": "00154165",
      "ouId": "SAO",
      "teamId": "TM-C0FA64C30",
      "productTypeId": "APO",
      "rankId": "SER",
      "scheme": "A",
      "rotationOffset": 0,
      "gender": "Male",
      "qualifications": [],
      "preferences": {},
      "unavailability": []
    },
    {
      "employeeId": "00154443",
      "ouId": "SAO",
      "teamId": "TM-C0FA64C30",
      "productTypeId": "APO",
      "rankId": "SER",
      "scheme": "A",
      "rotationOffset": 0,
      "gender": "Male",
      "qualifications": [],
      "preferences": {},
      "unavailability": []
    },
    {
      "employeeId": "00154528",
      "ouId": "SAO",
      "teamId": "TM-C0FA64C30",
      "productTypeId": "APO",
      "rankId": "SER",
      "scheme": "A",
      "rotationOffset": 0,
      "gender": "Male",
      "qualifications": [],
      "preferences": {},
      "unavailability": []
    },
    {
      "employeeId": "00154653",
      "ouId": "SAO",
      "teamId": "TM-C0FA64C30",
      "productTypeId": "APO",
      "rankId": "SER",
      "scheme": "A",
      "rotationOffset": 0,
      "gender": "Female",
      "qualifications": [],
      "preferences": {},
      "unavailability": []
    },
    {
      "employeeId": "00154877",
      "ouId": "SAO",
      "teamId": "TM-C0FA64C30",
      "productTypeId": "APO",
      "rankId": "SER",
      "scheme": "A",
      "rotationOffset": 0,
      "gender": "Male",
      "qualifications": [],
      "preferences": {},
      "unavailability": []
    },
    {
      "employeeId": "00155274",
      "ouId": "SAO",
      "teamId": "TM-C0FA64C30",
      "productTypeId": "APO",
      "rankId": "SER",
      "scheme": "A",
      "rotationOffset": 0,
      "gender": "Male",
      "qualifications": [],
      "preferences": {},
      "unavailability": []
    },
    {
      "employeeId": "00155419",
      "ouId": "SAO",
      "teamId": "TM-C0FA64C30",
      "productTypeId": "APO",
      "rankId": "SER",
      "scheme": "B",
      "rotationOffset": 0,
      "gender": "Male",
      "qualifications": [],
      "preferences": {},
      "unavailability": []
    },
    {
      "employeeId": "00155456",
      "ouId": "SAO",
      "teamId": "TM-C0FA64C30",
      "productTypeId": "APO",
      "rankId": "SER",
      "scheme": "A",
      "rotationOffset": 0,
      "gender": "Male",
      "qualifications": [],
      "preferences": {},
      "unavailability": []
    },
    {
      "employeeId": "00155482",
      "ouId": "SAO",
      "teamId": "TM-C0FA64C30",
      "productTypeId": "APO",
      "rankId": "SER",
      "scheme": "A",
      "rotationOffset": 0,
      "gender": "Male",
      "qualifications": [],
      "preferences": {},
      "unavailability": []
    },
    {
      "employeeId": "00155790",
      "ouId": "SAO",
      "teamId": "TM-C0FA64C30",
      "productTypeId": "APO",
      "rankId": "SER",
      "scheme": "A",
      "rotationOffset": 0,
      "gender": "Male",
      "qualifications": [],
      "preferences": {},
      "unavailability": []
    },
    {
      "employeeId": "00155970",
      "ouId": "SAO",
      "teamId": "TM-C0FA64C30",
      "productTypeId": "APO",
      "rankId": "SER",
      "scheme": "A",
      "rotationOffset": 0,
      "gender": "Male",
      "qualifications": [],
      "preferences": {},
      "unavailability": []
    },
    {
      "employeeId": "00155975",
      "ouId": "SAO",
      "teamId": "TM-C0FA64C30",
      "productTypeId": "APO",
      "rankId": "SER",
      "scheme": "B",
      "rotationOffset": 0,
      "gender": "Male",
      "qualifications": [],
      "preferences": {},
      "unavailability": []
    },
    {
      "employeeId": "00155979",
      "ouId": "SAO",
      "teamId": "TM-C0FA64C30",
      "productTypeId": "APO",
      "rankId": "SER",
      "scheme": "B",
      "rotationOffset": 0,
      "gender": "Male",
      "qualifications": [],
      "preferences": {},
      "unavailability": []
    },
    {
      "employeeId": "00156159",
      "ouId": "SAO",
      "teamId": "TM-C0FA64C30",
      "productTypeId": "APO",
      "rankId": "SER",
      "scheme": "B",
      "rotationOffset": 0,
      "gender": "Male",
      "qualifications": [],
      "preferences": {},
      "unavailability": []
    },
    {
      "employeeId": "00156224",
      "ouId": "SAO",
      "teamId": "TM-C0FA64C30",
      "productTypeId": "APO",
      "rankId": "SER",
      "scheme": "A",
      "rotationOffset": 0,
      "gender": "Male",
      "qualifications": [],
      "preferences": {},
      "unavailability": []
    },
    {
      "employeeId": "00156697",
      "ouId": "SAO",
      "teamId": "TM-C0FA64C30",
      "productTypeId": "APO",
      "rankId": "SER",
      "scheme": "B",
      "rotationOffset": 0,
      "gender": "Male",
      "qualifications": [],
      "preferences": {},
      "unavailability": []
    },
    {
      "employeeId": "00156710",
      "ouId": "SAO",
      "teamId": "TM-C0FA64C30",
      "productTypeId": "APO",
      "rankId": "SER",
      "scheme": "A",
      "rotationOffset": 0,
      "gender": "Male",
      "qualifications": [],
      "preferences": {},
      "unavailability": []
    },
    {
      "employeeId": "00156775",
      "ouId": "SAO",
      "teamId": "TM-C0FA64C30",
      "productTypeId": "APO",
      "rankId": "SER",
      "scheme": "A",
      "rotationOffset": 0,
      "gender": "Male",
      "qualifications": [],
      "preferences": {},
      "unavailability": []
    },
    {
      "employeeId": "00157057",
      "ouId": "SAO",
      "teamId": "TM-C0FA64C30",
      "productTypeId": "APO",
      "rankId": "SER",
      "scheme": "A",
      "rotationOffset": 0,
      "gender": "Male",
      "qualifications": [],
      "preferences": {},
      "unavailability": []
    },
    {
      "employeeId": "00157752",
      "ouId": "SAO",
      "teamId": "TM-C0FA64C30",
      "productTypeId": "APO",
      "rankId": "SER",
      "scheme": "A",
      "rotationOffset": 0,
      "gender": "Male",
      "qualifications": [],
      "preferences": {},
      "unavailability": []
    },
    {
      "employeeId": "00158151",
      "ouId": "SAO",
      "teamId": "TM-C0FA64C30",
      "productTypeId": "APO",
      "rankId": "SER",
      "scheme": "A",
      "rotationOffset": 0,
      "gender": "Male",
      "qualifications": [],
      "preferences": {},
      "unavailability": []
    },
    {
      "employeeId": "00158375",
      "ouId": "SAO",
      "teamId": "TM-C0FA64C30",
      "productTypeId": "APO",
      "rankId": "SER",
      "scheme": "B",
      "rotationOffset": 0,
      "gender": "Male",
      "qualifications": [],
      "preferences": {},
      "unavailability": []
    },
    {
      "employeeId": "00158431",
      "ouId": "SAO",
      "teamId": "TM-C0FA64C30",
      "productTypeId": "APO",
      "rankId": "SER",
      "scheme": "A",
      "rotationOffset": 0,
      "gender": "Male",
      "qualifications": [],
      "preferences": {},
      "unavailability": []
    },
    {
      "employeeId": "00158485",
      "ouId": "SAO",
      "teamId": "TM-C0FA64C30",
      "productTypeId": "APO",
      "rankId": "SER",
      "scheme": "B",
      "rotationOffset": 0,
      "gender": "Male",
      "qualifications": [],
      "preferences": {},
      "unavailability": []
    },
    {
      "employeeId": "00158629",
      "ouId": "SAO",
      "teamId": "TM-C0FA64C30",
      "productTypeId": "APO",
      "rankId": "SER",
      "scheme": "A",
      "rotationOffset": 0,
      "gender": "Male",
      "qualifications": [],
      "preferences": {},
      "unavailability": []
    },
    {
      "employeeId": "00158722",
      "ouId": "SAO",
      "teamId": "TM-C0FA64C30",
      "productTypeId": "APO",
      "rankId": "SER",
      "scheme": "A",
      "rotationOffset": 0,
      "gender": "Female",
      "qualifications": [],
      "preferences": {},
      "unavailability": []
    },
    {
      "employeeId": "00158793",
      "ouId": "SAO",
      "teamId": "TM-C0FA64C30",
      "productTypeId": "APO",
      "rankId": "SER",
      "scheme": "A",
      "rotationOffset": 0,
      "gender": "Male",
      "qualifications": [],
      "preferences": {},
      "unavailability": []
    },
    {
      "employeeId": "00158998",
      "ouId": "SAO",
      "teamId": "TM-C0FA64C30",
      "productTypeId": "APO",
      "rankId": "SER",
      "scheme": "A",
      "rotationOffset": 0,
      "gender": "Male",
      "qualifications": [],
      "preferences": {},
      "unavailability": []
    },
    {
      "employeeId": "00159517",
      "ouId": "SAO",
      "teamId": "TM-C0FA64C30",
      "productTypeId": "APO",
      "rankId": "SER",
      "scheme": "A",
      "rotationOffset": 0,
      "gender": "Male",
      "qualifications": [],
      "preferences": {},
      "unavailability": []
    },
    {
      "employeeId": "00159586",
      "ouId": "SAO",
      "teamId": "TM-C0FA64C30",
      "productTypeId": "APO",
      "rankId": "SER",
      "scheme": "A",
      "rotationOffset": 0,
      "gender": "Male",
      "qualifications": [],
      "preferences": {},
      "unavailability": []
    },
    {
      "employeeId": "00161268",
      "ouId": "SAO",
      "teamId": "TM-C0FA64C30",
      "productTypeId": "APO",
      "rankId": "SER",
      "scheme": "A",
      "rotationOffset": 0,
      "gender": "Male",
      "qualifications": [],
      "preferences": {},
      "unavailability": []
    },
    {
      "employeeId": "00161300",
      "ouId": "SAO",
      "teamId": "TM-C0FA64C30",
      "productTypeId": "APO",
      "rankId": "SER",
      "scheme": "A",
      "rotationOffset": 0,
      "gender": "Male",
      "qualifications": [],
      "preferences": {},
      "unavailability": []
    },
    {
      "employeeId": "00162265",
      "ouId": "SAO",
      "teamId": "TM-C0FA64C30",
      "productTypeId": "APO",
      "rankId": "SER",
      "scheme": "A",
      "rotationOffset": 0,
      "gender": "Male",
      "qualifications": [],
      "preferences": {},
      "unavailability": []
    }
  ],
  "constraintList": [
    {
      "id": "momMaxConsecutiveWorkDays",
      "enforcement": "hard",
      "description": "MOM Regulatory: Maximum consecutive working days allowed",
      "params": {
        "maxDays": 12
      }
    },
    {
      "id": "momDailyHoursCap9General",
      "enforcement": "hard",
      "description": "General daily working hours cap - 9 hours per day",
      "params": {
        "maxMinutesPerDay": 540
      }
    },
    {
      "id": "momWeeklyHoursCap44h",
      "enforcement": "hard",
      "description": "MOM Regulatory: Maximum 44 hours per week",
      "params": {
        "maxWeeklyHours": 44
      }
    },
    {
      "id": "momOneoffperweek",
      "enforcement": "hard",
      "description": "MOM Employment Act: At least one rest day per week",
      "params": {
        "required": true
      }
    },
    {
      "id": "momMonthlyOTcap72h",
      "enforcement": "hard",
      "description": "MOM Employment Act: Maximum 72 hours overtime per month",
      "params": {
        "maxOTMinutesPerMonth": 4320,
        "otStartsAfterScheduledMinutes": 540,
        "lunchMinutes": 60,
        "includeLunchInOTTrigger": true
      }
    },
    {
      "id": "momLunchBreak",
      "enforcement": "hard",
      "description": "MOM meal break requirements: 1 hour deduction for shifts >= 8 hours",
      "params": {
        "deductMinutes": 60,
        "deductIfShiftAtLeastMinutes": 480
      }
    },
    {
      "id": "teamContinuity",
      "enforcement": "medium",
      "description": "Maintain team stability for better coordination",
      "params": {
        "minDaysTogether": 3,
        "maxTeamChangesPerWeek": 2
      }
    },
    {
      "id": "oneShiftPerDay",
      "enforcement": "hard",
      "description": "",
      "params": {
        "oneShiftPerDay": "1"
      }
    },
    {
      "id": "momDailyHoursCap",
      "enforcement": "hard",
      "description": "MOM Regulatory: Daily hours cap for different Schemes (eg Scheme A14h incl. meal)",
      "params": {
        "maxDailyHoursGeneral": 12,
        "maxDailyHoursA": 14,
        "maxDailyHoursB": 13,
        "maxDailyHoursP": 9
      }
    }
  ],
  "solverScoreConfig": {}
}