{
  "schemaVersion": "0.98",
  "planningReference": "RST-20251216-1819F73D",
  "timezone": "Asia/Singapore",
  "planningHorizon": {
    "startDate": "2026-01-01",
    "endDate": "2026-01-31"
  },
  "publicHolidays": [
    "2026-01-01"
  ],
  "solverConfig": {
    "optimizationMode": "minimizeEmployeeCount",
    "maxEmployeesToUse": 303
  },
  "solverRunTime": {
    "maxSeconds": 300
  },
  "schemeMap": {
    "A": "Scheme A",
    "B": "Scheme B",
    "P": "Scheme P"
  },
  "rosteringBasis": "demandBased",
  "fixedRotationOffset": "auto",
   "ouOffsets": [
    {
      "ouId": "ATSU OPS OFFICE",
      "rotationOffset": 0
    },
    {
      "ouId": "ATSU T1 LSU A1",
      "rotationOffset": 1
    },
    {
      "ouId": "ATSU T1 LSU A2",
      "rotationOffset": 3
    },
    {
      "ouId": "ATSU T1 LSU A3",
      "rotationOffset": 5
    }
  ],
  "demandItems": [
    {
      "demandId": "DI-2512160507-47475840",
      "locationId": "LOC-SECU-6588",
      "ouId": "",
      "shiftStartDate": "2026-01-01",
      "shifts": [
        {
          "shiftDetails": [
            {
              "shiftCode": "D",
              "start": "08:00:00",
              "end": "20:00:00",
              "nextDay": false
            }
          ],
          "includePublicHolidays": true,
          "includeEveOfPublicHolidays": true,
          "shiftSetId": "Set_DI_2512160507_47475840",
          "coverageDays": [
            "Mon",
            "Tue",
            "Wed",
            "Thu",
            "Fri",
            "Sat"
          ],
          "coverageAnchor": "2026-01-01",
          "whitelist": {
            "teamIds": [],
            "employeeIds": []
          },
          "blacklist": {
            "employeeIds": []
          }
        }
      ],
      "requirements": [
        {
          "requirementId": "122_1",
          "productTypeId": "APO",
          "rankIds": [
            "CON",
            "COR"
          ],
          "headcount": 10,
          "workPattern": [
            "D",
            "D",
            "D",
            "D",
            "O",
            "O"
          ],
          "requiredQualifications": [],
          "gender": "Any",
          "scheme": "Global",
          "enableOtAwareIcpmp": true,
          "enableAPGD-D10": true
        }
      ]
    }
  ],
  "employees": [
    {
      "employeeId": "00003021",
      "ouId": "ATSU T1 LSU A2",
      "productTypeId": "EO",
      "rankId": "EO3",
      "scheme": "Scheme B",
      "rotationOffset": 0,
      "local": 1,
      "gender": "Male",
      "qualifications": [],
      "preferences": {},
      "unavailability": []
    },
    {
      "employeeId": "00010965",
      "ouId": "ATSU T1 LSU A1",
      "productTypeId": "APO",
      "rankId": "SER",
      "scheme": "Scheme A",
      "rotationOffset": 0,
      "local": 1,
      "gender": "FEMALE",
      "qualifications": [],
      "preferences": {},
      "unavailability": []
    },
    {
      "employeeId": "00011216",
      "ouId": "ATSU OPS OFFICE",
      "productTypeId": "APO",
      "rankId": "SER",
      "scheme": "Scheme A",
      "rotationOffset": 0,
      "local": 1,
      "gender": "FEMALE",
      "qualifications": [],
      "preferences": {},
      "unavailability": []
    },
    {
      "employeeId": "00011317",
      "ouId": "ATSU OPS OFFICE",
      "productTypeId": "CIV",
      "rankId": "IOC",
      "scheme": "Scheme B",
      "rotationOffset": 0,
      "local": 1,
      "gender": "FEMALE",
      "qualifications": [],
      "preferences": {},
      "unavailability": []
    },
    {
      "employeeId": "00011623",
      "ouId": "ATSU OPS OFFICE",
      "productTypeId": "SOCSL",
      "rankId": "SO",
      "scheme": "Scheme A",
      "rotationOffset": 0,
      "local": 1,
      "gender": "Male",
      "qualifications": [],
      "preferences": {},
      "unavailability": []
    },
    {
      "employeeId": "00011736",
      "ouId": "ATSU T1 LSU A1",
      "productTypeId": "APO",
      "rankId": "SER",
      "scheme": "Scheme A",
      "rotationOffset": 0,
      "local": 1,
      "gender": "MALE",
      "qualifications": [],
      "preferences": {},
      "unavailability": []
    },
    {
      "employeeId": "00011873",
      "ouId": "ATSU T1 LSU A3",
      "productTypeId": "APO",
      "rankId": "SSER",
      "scheme": "Scheme A",
      "rotationOffset": 0,
      "local": 1,
      "gender": "MALE",
      "qualifications": [],
      "preferences": {},
      "unavailability": []
    },
    {
      "employeeId": "00012094",
      "ouId": "ATSU OPS OFFICE",
      "productTypeId": "APO",
      "rankId": "INS",
      "scheme": "Scheme B",
      "rotationOffset": 0,
      "local": 1,
      "gender": "MALE",
      "qualifications": [],
      "preferences": {},
      "unavailability": []
    },
    {
      "employeeId": "00012205",
      "ouId": "ATSU OPS OFFICE",
      "productTypeId": "CIV",
      "rankId": "SEN",
      "scheme": "Scheme B",
      "rotationOffset": 0,
      "local": 1,
      "gender": "MALE",
      "qualifications": [],
      "preferences": {},
      "unavailability": []
    },
    {
      "employeeId": "00012660",
      "ouId": "ATSU T1 LSU A2",
      "productTypeId": "APO",
      "rankId": "SER",
      "scheme": "Scheme A",
      "rotationOffset": 0,
      "local": 1,
      "gender": "FEMALE",
      "qualifications": [],
      "preferences": {},
      "unavailability": []
    },
    {
      "employeeId": "00012907",
      "ouId": "ATSU T1 LSU A1",
      "productTypeId": "APO",
      "rankId": "SSER",
      "scheme": "Scheme A",
      "rotationOffset": 0,
      "local": 1,
      "gender": "MALE",
      "qualifications": [],
      "preferences": {},
      "unavailability": []
    },
    {
      "employeeId": "00012969",
      "ouId": "ATSU T1 LSU A3",
      "productTypeId": "APO",
      "rankId": "SSER",
      "scheme": "Scheme A",
      "rotationOffset": 0,
      "local": 1,
      "gender": "MALE",
      "qualifications": [],
      "preferences": {},
      "unavailability": []
    },
    {
      "employeeId": "00012986",
      "ouId": "ATSU T1 LSU A2",
      "productTypeId": "APO",
      "rankId": "SSER",
      "scheme": "Scheme A",
      "rotationOffset": 0,
      "local": 1,
      "gender": "MALE",
      "qualifications": [],
      "preferences": {},
      "unavailability": []
    },
    {
      "employeeId": "00016839",
      "ouId": "ATSU T1 LSU A2",
      "productTypeId": "APO",
      "rankId": "SER",
      "scheme": "Scheme A",
      "rotationOffset": 0,
      "local": 0,
      "gender": "MALE",
      "qualifications": [],
      "preferences": {},
      "unavailability": []
    },
    {
      "employeeId": "00016862",
      "ouId": "ATSU T1 LSU A2",
      "productTypeId": "APO",
      "rankId": "DEP",
      "scheme": "Scheme A",
      "rotationOffset": 0,
      "local": 1,
      "gender": "MALE",
      "qualifications": [],
      "preferences": {},
      "unavailability": []
    },
    {
      "employeeId": "00016930",
      "ouId": "ATSU T1 LSU A2",
      "productTypeId": "APO",
      "rankId": "SER",
      "scheme": "Scheme A",
      "rotationOffset": 0,
      "local": 0,
      "gender": "FEMALE",
      "qualifications": [],
      "preferences": {},
      "unavailability": []
    },
    {
      "employeeId": "00017044",
      "ouId": "ATSU T1 LSU A1",
      "productTypeId": "CIV",
      "rankId": "MAN",
      "scheme": "Scheme B",
      "rotationOffset": 0,
      "local": 0,
      "gender": "MALE",
      "qualifications": [],
      "preferences": {},
      "unavailability": []
    },
    {
      "employeeId": "00017268",
      "ouId": "ATSU T1 LSU A2",
      "productTypeId": "APO",
      "rankId": "LAN",
      "scheme": "Scheme A",
      "rotationOffset": 0,
      "local": 1,
      "gender": "MALE",
      "qualifications": [],
      "preferences": {},
      "unavailability": []
    },
    {
      "employeeId": "00017319",
      "ouId": "ATSU T1 LSU A3",
      "productTypeId": "APO",
      "rankId": "COR",
      "scheme": "Scheme A",
      "rotationOffset": 0,
      "local": 1,
      "gender": "MALE",
      "qualifications": [],
      "preferences": {},
      "unavailability": []
    },
    {
      "employeeId": "00017450",
      "ouId": "ATSU T1 LSU A1",
      "productTypeId": "APO",
      "rankId": "SER",
      "scheme": "Scheme A",
      "rotationOffset": 0,
      "local": 1,
      "gender": "MALE",
      "qualifications": [],
      "preferences": {},
      "unavailability": []
    },
    {
      "employeeId": "00017614",
      "ouId": "ATSU T1 LSU A1",
      "productTypeId": "APO",
      "rankId": "SER",
      "scheme": "Scheme A",
      "rotationOffset": 0,
      "local": 0,
      "gender": "MALE",
      "qualifications": [],
      "preferences": {},
      "unavailability": []
    },
    {
      "employeeId": "00017672",
      "ouId": "ATSU T1 LSU A2",
      "productTypeId": "APO",
      "rankId": "SER",
      "scheme": "Scheme A",
      "rotationOffset": 0,
      "local": 1,
      "gender": "MALE",
      "qualifications": [],
      "preferences": {},
      "unavailability": []
    },
    {
      "employeeId": "00017806",
      "ouId": "ATSU T1 LSU A2",
      "productTypeId": "APO",
      "rankId": "SSER",
      "scheme": "Scheme A",
      "rotationOffset": 0,
      "local": 1,
      "gender": "MALE",
      "qualifications": [],
      "preferences": {},
      "unavailability": []
    },
    {
      "employeeId": "00017813",
      "ouId": "ATSU T1 LSU A1",
      "productTypeId": "APO",
      "rankId": "COR",
      "scheme": "Scheme A",
      "rotationOffset": 0,
      "local": 1,
      "gender": "MALE",
      "qualifications": [],
      "preferences": {},
      "unavailability": []
    },
    {
      "employeeId": "00018011",
      "ouId": "ATSU T1 LSU A2",
      "productTypeId": "APO",
      "rankId": "SER",
      "scheme": "Scheme A",
      "rotationOffset": 0,
      "local": 0,
      "gender": "MALE",
      "qualifications": [],
      "preferences": {},
      "unavailability": []
    },
    {
      "employeeId": "00018039",
      "ouId": "ATSU T1 LSU A3",
      "productTypeId": "APO",
      "rankId": "SSER",
      "scheme": "Scheme A",
      "rotationOffset": 0,
      "local": 1,
      "gender": "MALE",
      "qualifications": [],
      "preferences": {},
      "unavailability": []
    },
    {
      "employeeId": "00018070",
      "ouId": "ATSU T1 LSU A2",
      "productTypeId": "APO",
      "rankId": "SER",
      "scheme": "Scheme B",
      "rotationOffset": 0,
      "local": 0,
      "gender": "MALE",
      "qualifications": [],
      "preferences": {},
      "unavailability": []
    },
    {
      "employeeId": "00018332",
      "ouId": "ATSU T1 LSU A2",
      "productTypeId": "APO",
      "rankId": "SSSER",
      "scheme": "Scheme B",
      "rotationOffset": 0,
      "local": 1,
      "gender": "FEMALE",
      "qualifications": [],
      "preferences": {},
      "unavailability": []
    },
    {
      "employeeId": "00018405",
      "ouId": "ATSU T1 LSU A2",
      "productTypeId": "APO",
      "rankId": "SER",
      "scheme": "Scheme B",
      "rotationOffset": 0,
      "local": 0,
      "gender": "MALE",
      "qualifications": [],
      "preferences": {},
      "unavailability": []
    },
    {
      "employeeId": "00018457",
      "ouId": "ATSU T1 LSU A3",
      "productTypeId": "APO",
      "rankId": "COR",
      "scheme": "Scheme A",
      "rotationOffset": 0,
      "local": 0,
      "gender": "MALE",
      "qualifications": [],
      "preferences": {},
      "unavailability": []
    },
    {
      "employeeId": "00018476",
      "ouId": "ATSU T1 LSU A1",
      "productTypeId": "APO",
      "rankId": "COR",
      "scheme": "Scheme B",
      "rotationOffset": 0,
      "local": 0,
      "gender": "MALE",
      "qualifications": [],
      "preferences": {},
      "unavailability": []
    },
    {
      "employeeId": "00018739",
      "ouId": "ATSU T1 LSU A2",
      "productTypeId": "APO",
      "rankId": "LAN",
      "scheme": "Scheme A",
      "rotationOffset": 0,
      "local": 0,
      "gender": "FEMALE",
      "qualifications": [],
      "preferences": {},
      "unavailability": []
    },
    {
      "employeeId": "00018864",
      "ouId": "ATSU T1 LSU A1",
      "productTypeId": "APO",
      "rankId": "SER",
      "scheme": "Scheme A",
      "rotationOffset": 0,
      "local": 0,
      "gender": "MALE",
      "qualifications": [],
      "preferences": {},
      "unavailability": []
    },
    {
      "employeeId": "00019116",
      "ouId": "ATSU T1 LSU A3",
      "productTypeId": "APO",
      "rankId": "SER",
      "scheme": "Scheme A",
      "rotationOffset": 0,
      "local": 0,
      "gender": "MALE",
      "qualifications": [],
      "preferences": {},
      "unavailability": []
    },
    {
      "employeeId": "00019138",
      "ouId": "ATSU T1 LSU A3",
      "productTypeId": "APO",
      "rankId": "SER",
      "scheme": "Scheme A",
      "rotationOffset": 0,
      "local": 0,
      "gender": "MALE",
      "qualifications": [],
      "preferences": {},
      "unavailability": []
    },
    {
      "employeeId": "00019178",
      "ouId": "ATSU T1 LSU A1",
      "productTypeId": "APO",
      "rankId": "SER",
      "scheme": "Scheme A",
      "rotationOffset": 0,
      "local": 1,
      "gender": "MALE",
      "qualifications": [],
      "preferences": {},
      "unavailability": []
    },
    {
      "employeeId": "00019422",
      "ouId": "ATSU T1 LSU A2",
      "productTypeId": "APO",
      "rankId": "SER",
      "scheme": "Scheme A",
      "rotationOffset": 0,
      "local": 1,
      "gender": "MALE",
      "qualifications": [],
      "preferences": {},
      "unavailability": []
    },
    {
      "employeeId": "00021016",
      "ouId": "ATSU T1 LSU A3",
      "productTypeId": "APO",
      "rankId": "SER",
      "scheme": "Scheme A",
      "rotationOffset": 0,
      "local": 1,
      "gender": "MALE",
      "qualifications": [],
      "preferences": {},
      "unavailability": []
    },
    {
      "employeeId": "00021110",
      "ouId": "ATSU T1 LSU A3",
      "productTypeId": "APO",
      "rankId": "SER",
      "scheme": "Scheme A",
      "rotationOffset": 0,
      "local": 1,
      "gender": "MALE",
      "qualifications": [],
      "preferences": {},
      "unavailability": []
    },
    {
      "employeeId": "00023687",
      "ouId": "ATSU OPS OFFICE",
      "productTypeId": "APO",
      "rankId": "DEP",
      "scheme": "Scheme A",
      "rotationOffset": 0,
      "local": 0,
      "gender": "MALE",
      "qualifications": [],
      "preferences": {},
      "unavailability": []
    },
    {
      "employeeId": "00023713",
      "ouId": "ATSU T1 LSU A1",
      "productTypeId": "APO",
      "rankId": "COR",
      "scheme": "Scheme A",
      "rotationOffset": 0,
      "local": 1,
      "gender": "MALE",
      "qualifications": [],
      "preferences": {},
      "unavailability": []
    },
    {
      "employeeId": "00024035",
      "ouId": "ATSU T1 LSU A3",
      "productTypeId": "APO",
      "rankId": "SER",
      "scheme": "Scheme A",
      "rotationOffset": 0,
      "local": 1,
      "gender": "MALE",
      "qualifications": [],
      "preferences": {},
      "unavailability": []
    },
    {
      "employeeId": "00024360",
      "ouId": "ATSU T1 LSU A1",
      "productTypeId": "APO",
      "rankId": "SSER",
      "scheme": "Scheme B",
      "rotationOffset": 0,
      "local": 1,
      "gender": "MALE",
      "qualifications": [],
      "preferences": {},
      "unavailability": []
    },
    {
      "employeeId": "00024540",
      "ouId": "ATSU T1 LSU A2",
      "productTypeId": "APO",
      "rankId": "SER",
      "scheme": "Scheme A",
      "rotationOffset": 0,
      "local": 0,
      "gender": "MALE",
      "qualifications": [],
      "preferences": {},
      "unavailability": []
    },
    {
      "employeeId": "00024914",
      "ouId": "ATSU T1 LSU A1",
      "productTypeId": "APO",
      "rankId": "SER",
      "scheme": "Scheme A",
      "rotationOffset": 0,
      "local": 1,
      "gender": "MALE",
      "qualifications": [],
      "preferences": {},
      "unavailability": []
    },
    {
      "employeeId": "00025242",
      "ouId": "ATSU T1 LSU A3",
      "productTypeId": "APO",
      "rankId": "SER",
      "scheme": "Scheme A",
      "rotationOffset": 0,
      "local": 1,
      "gender": "MALE",
      "qualifications": [],
      "preferences": {},
      "unavailability": []
    },
    {
      "employeeId": "00025362",
      "ouId": "ATSU OPS OFFICE",
      "productTypeId": "APO",
      "rankId": "SI",
      "scheme": "Scheme A",
      "rotationOffset": 0,
      "local": 0,
      "gender": "MALE",
      "qualifications": [],
      "preferences": {},
      "unavailability": []
    },
    {
      "employeeId": "00025411",
      "ouId": "ATSU T1 LSU A3",
      "productTypeId": "APO",
      "rankId": "COR",
      "scheme": "Scheme A",
      "rotationOffset": 0,
      "local": 1,
      "gender": "MALE",
      "qualifications": [],
      "preferences": {},
      "unavailability": []
    },
    {
      "employeeId": "00025637",
      "ouId": "ATSU T1 LSU A2",
      "productTypeId": "APO",
      "rankId": "SER",
      "scheme": "Scheme A",
      "rotationOffset": 0,
      "local": 1,
      "gender": "MALE",
      "qualifications": [],
      "preferences": {},
      "unavailability": []
    },
    {
      "employeeId": "00025817",
      "ouId": "ATSU T1 LSU A2",
      "productTypeId": "APO",
      "rankId": "SER",
      "scheme": "Scheme A",
      "rotationOffset": 0,
      "local": 1,
      "gender": "MALE",
      "qualifications": [],
      "preferences": {},
      "unavailability": []
    },
    {
      "employeeId": "00026296",
      "ouId": "ATSU T1 LSU A2",
      "productTypeId": "APO",
      "rankId": "SER",
      "scheme": "Scheme A",
      "rotationOffset": 0,
      "local": 1,
      "gender": "MALE",
      "qualifications": [],
      "preferences": {},
      "unavailability": []
    },
    {
      "employeeId": "00026305",
      "ouId": "ATSU T1 LSU A3",
      "productTypeId": "APO",
      "rankId": "SER",
      "scheme": "Scheme B",
      "rotationOffset": 0,
      "local": 1,
      "gender": "MALE",
      "qualifications": [],
      "preferences": {},
      "unavailability": []
    },
    {
      "employeeId": "00026382",
      "ouId": "ATSU OPS OFFICE",
      "productTypeId": "APO",
      "rankId": "SI",
      "scheme": "Scheme B",
      "rotationOffset": 0,
      "local": 0,
      "gender": "MALE",
      "qualifications": [],
      "preferences": {},
      "unavailability": []
    },
    {
      "employeeId": "00026767",
      "ouId": "ATSU T1 LSU A1",
      "productTypeId": "APO",
      "rankId": "COR",
      "scheme": "Scheme A",
      "rotationOffset": 0,
      "local": 1,
      "gender": "MALE",
      "qualifications": [],
      "preferences": {},
      "unavailability": []
    },
    {
      "employeeId": "00026870",
      "ouId": "ATSU T1 LSU A2",
      "productTypeId": "APO",
      "rankId": "SER",
      "scheme": "Scheme A",
      "rotationOffset": 0,
      "local": 1,
      "gender": "MALE",
      "qualifications": [],
      "preferences": {},
      "unavailability": []
    },
    {
      "employeeId": "00027469",
      "ouId": "ATSU T1 LSU A3",
      "productTypeId": "APO",
      "rankId": "SER",
      "scheme": "Scheme A",
      "rotationOffset": 0,
      "local": 0,
      "gender": "MALE",
      "qualifications": [],
      "preferences": {},
      "unavailability": []
    },
    {
      "employeeId": "00027898",
      "ouId": "ATSU T1 LSU A1",
      "productTypeId": "APO",
      "rankId": "COR",
      "scheme": "Scheme A",
      "rotationOffset": 0,
      "local": 0,
      "gender": "MALE",
      "qualifications": [],
      "preferences": {},
      "unavailability": []
    },
    {
      "employeeId": "00028276",
      "ouId": "ATSU T1 LSU A1",
      "productTypeId": "APO",
      "rankId": "COR",
      "scheme": "Scheme A",
      "rotationOffset": 0,
      "local": 1,
      "gender": "MALE",
      "qualifications": [],
      "preferences": {},
      "unavailability": []
    },
    {
      "employeeId": "00028541",
      "ouId": "ATSU T1 LSU A3",
      "productTypeId": "APO",
      "rankId": "SER",
      "scheme": "Scheme A",
      "rotationOffset": 0,
      "local": 1,
      "gender": "MALE",
      "qualifications": [],
      "preferences": {},
      "unavailability": []
    },
    {
      "employeeId": "00028922",
      "ouId": "ATSU T1 LSU A2",
      "productTypeId": "APO",
      "rankId": "SER",
      "scheme": "Scheme A",
      "rotationOffset": 0,
      "local": 1,
      "gender": "MALE",
      "qualifications": [],
      "preferences": {},
      "unavailability": []
    },
    {
      "employeeId": "00028954",
      "ouId": "ATSU T1 LSU A3",
      "productTypeId": "APO",
      "rankId": "COR",
      "scheme": "Scheme A",
      "rotationOffset": 0,
      "local": 1,
      "gender": "MALE",
      "qualifications": [],
      "preferences": {},
      "unavailability": []
    },
    {
      "employeeId": "00029171",
      "ouId": "ATSU T1 LSU A2",
      "productTypeId": "APO",
      "rankId": "SER",
      "scheme": "Scheme A",
      "rotationOffset": 0,
      "local": 1,
      "gender": "FEMALE",
      "qualifications": [],
      "preferences": {},
      "unavailability": []
    },
    {
      "employeeId": "00029272",
      "ouId": "ATSU T1 LSU A3",
      "productTypeId": "APO",
      "rankId": "COR",
      "scheme": "Scheme B",
      "rotationOffset": 0,
      "local": 0,
      "gender": "MALE",
      "qualifications": [],
      "preferences": {},
      "unavailability": []
    },
    {
      "employeeId": "00029316",
      "ouId": "ATSU T1 LSU A2",
      "productTypeId": "APO",
      "rankId": "SER",
      "scheme": "Scheme A",
      "rotationOffset": 0,
      "local": 0,
      "gender": "MALE",
      "qualifications": [],
      "preferences": {},
      "unavailability": []
    },
    {
      "employeeId": "00029637",
      "ouId": "ATSU T1 LSU A3",
      "productTypeId": "APO",
      "rankId": "SSER",
      "scheme": "Scheme A",
      "rotationOffset": 0,
      "local": 1,
      "gender": "MALE",
      "qualifications": [],
      "preferences": {},
      "unavailability": []
    },
    {
      "employeeId": "00029697",
      "ouId": "ATSU T1 LSU A3",
      "productTypeId": "APO",
      "rankId": "COR",
      "scheme": "Scheme A",
      "rotationOffset": 0,
      "local": 0,
      "gender": "MALE",
      "qualifications": [],
      "preferences": {},
      "unavailability": []
    },
    {
      "employeeId": "00030102",
      "ouId": "ATSU T1 LSU A3",
      "productTypeId": "APO",
      "rankId": "COR",
      "scheme": "Scheme A",
      "rotationOffset": 0,
      "local": 1,
      "gender": "MALE",
      "qualifications": [],
      "preferences": {},
      "unavailability": []
    },
    {
      "employeeId": "00030103",
      "ouId": "ATSU T1 LSU A1",
      "productTypeId": "APO",
      "rankId": "SER",
      "scheme": "Scheme A",
      "rotationOffset": 0,
      "local": 1,
      "gender": "MALE",
      "qualifications": [],
      "preferences": {},
      "unavailability": []
    },
    {
      "employeeId": "00030111",
      "ouId": "ATSU T1 LSU A1",
      "productTypeId": "APO",
      "rankId": "SER",
      "scheme": "Scheme A",
      "rotationOffset": 0,
      "local": 1,
      "gender": "MALE",
      "qualifications": [],
      "preferences": {},
      "unavailability": []
    },
    {
      "employeeId": "00030149",
      "ouId": "ATSU T1 LSU A1",
      "productTypeId": "APO",
      "rankId": "SER",
      "scheme": "Scheme A",
      "rotationOffset": 0,
      "local": 1,
      "gender": "MALE",
      "qualifications": [],
      "preferences": {},
      "unavailability": []
    },
    {
      "employeeId": "00030214",
      "ouId": "ATSU T1 LSU A3",
      "productTypeId": "APO",
      "rankId": "SER",
      "scheme": "Scheme A",
      "rotationOffset": 0,
      "local": 1,
      "gender": "MALE",
      "qualifications": [],
      "preferences": {},
      "unavailability": []
    },
    {
      "employeeId": "00030480",
      "ouId": "ATSU T1 LSU A3",
      "productTypeId": "APO",
      "rankId": "COR",
      "scheme": "Scheme A",
      "rotationOffset": 0,
      "local": 1,
      "gender": "MALE",
      "qualifications": [],
      "preferences": {},
      "unavailability": []
    },
    {
      "employeeId": "00030891",
      "ouId": "ATSU T1 LSU A2",
      "productTypeId": "APO",
      "rankId": "SER",
      "scheme": "Scheme A",
      "rotationOffset": 0,
      "local": 1,
      "gender": "MALE",
      "qualifications": [],
      "preferences": {},
      "unavailability": []
    },
    {
      "employeeId": "00031052",
      "ouId": "ATSU T1 LSU A3",
      "productTypeId": "APO",
      "rankId": "SER",
      "scheme": "Scheme A",
      "rotationOffset": 0,
      "local": 1,
      "gender": "MALE",
      "qualifications": [],
      "preferences": {},
      "unavailability": []
    },
    {
      "employeeId": "00033280",
      "ouId": "ATSU T1 LSU A1",
      "productTypeId": "APO",
      "rankId": "SER",
      "scheme": "Scheme A",
      "rotationOffset": 0,
      "local": 0,
      "gender": "MALE",
      "qualifications": [],
      "preferences": {},
      "unavailability": []
    },
    {
      "employeeId": "00033320",
      "ouId": "ATSU OPS OFFICE",
      "productTypeId": "CIV",
      "rankId": "SEN",
      "scheme": "Scheme B",
      "rotationOffset": 0,
      "local": 1,
      "gender": "MALE",
      "qualifications": [],
      "preferences": {},
      "unavailability": []
    },
    {
      "employeeId": "00037511",
      "ouId": "ATSU T1 LSU A1",
      "productTypeId": "APO",
      "rankId": "COR",
      "scheme": "Scheme A",
      "rotationOffset": 0,
      "local": 0,
      "gender": "MALE",
      "qualifications": [],
      "preferences": {},
      "unavailability": []
    },
    {
      "employeeId": "00039323",
      "ouId": "ATSU T1 LSU A2",
      "productTypeId": "APO",
      "rankId": "LAN",
      "scheme": "Scheme A",
      "rotationOffset": 0,
      "local": 1,
      "gender": "MALE",
      "qualifications": [],
      "preferences": {},
      "unavailability": []
    },
    {
      "employeeId": "00041146",
      "ouId": "ATSU OPS OFFICE",
      "productTypeId": "CIV",
      "rankId": "AVP",
      "scheme": "Scheme B",
      "rotationOffset": 0,
      "local": 0,
      "gender": "MALE",
      "qualifications": [],
      "preferences": {},
      "unavailability": []
    },
    {
      "employeeId": "00042726",
      "ouId": "ATSU T1 LSU A1",
      "productTypeId": "APO",
      "rankId": "SSER",
      "scheme": "Scheme A",
      "rotationOffset": 0,
      "local": 0,
      "gender": "MALE",
      "qualifications": [],
      "preferences": {},
      "unavailability": []
    },
    {
      "employeeId": "00043206",
      "ouId": "ATSU OPS OFFICE",
      "productTypeId": "APO",
      "rankId": "INS",
      "scheme": "Scheme B",
      "rotationOffset": 0,
      "local": 1,
      "gender": "MALE",
      "qualifications": [],
      "preferences": {},
      "unavailability": []
    },
    {
      "employeeId": "00043212",
      "ouId": "ATSU T1 LSU A2",
      "productTypeId": "APO",
      "rankId": "COR",
      "scheme": "Scheme A",
      "rotationOffset": 0,
      "local": 1,
      "gender": "MALE",
      "qualifications": [],
      "preferences": {},
      "unavailability": []
    },
    {
      "employeeId": "00043568",
      "ouId": "ATSU T1 LSU A3",
      "productTypeId": "APO",
      "rankId": "SER",
      "scheme": "Scheme A",
      "rotationOffset": 0,
      "local": 1,
      "gender": "MALE",
      "qualifications": [],
      "preferences": {},
      "unavailability": []
    },
    {
      "employeeId": "00044128",
      "ouId": "ATSU T1 LSU A3",
      "productTypeId": "APO",
      "rankId": "LAN",
      "scheme": "Scheme A",
      "rotationOffset": 0,
      "local": 1,
      "gender": "MALE",
      "qualifications": [],
      "preferences": {},
      "unavailability": []
    },
    {
      "employeeId": "00045765",
      "ouId": "ATSU T1 LSU A2",
      "productTypeId": "APO",
      "rankId": "COR",
      "scheme": "Scheme B",
      "rotationOffset": 0,
      "local": 0,
      "gender": "MALE",
      "qualifications": [],
      "preferences": {},
      "unavailability": []
    },
    {
      "employeeId": "00045844",
      "ouId": "ATSU T1 LSU A1",
      "productTypeId": "APO",
      "rankId": "COR",
      "scheme": "Scheme A",
      "rotationOffset": 0,
      "local": 0,
      "gender": "MALE",
      "qualifications": [],
      "preferences": {},
      "unavailability": []
    },
    {
      "employeeId": "00046841",
      "ouId": "ATSU OPS OFFICE",
      "productTypeId": "CIV",
      "rankId": "SEN",
      "scheme": "Scheme B",
      "rotationOffset": 0,
      "local": 0,
      "gender": "MALE",
      "qualifications": [],
      "preferences": {},
      "unavailability": []
    },
    {
      "employeeId": "00047605",
      "ouId": "ATSU T1 LSU A1",
      "productTypeId": "APO",
      "rankId": "SER",
      "scheme": "Scheme B",
      "rotationOffset": 0,
      "local": 0,
      "gender": "FEMALE",
      "qualifications": [],
      "preferences": {},
      "unavailability": []
    },
    {
      "employeeId": "00049270",
      "ouId": "ATSU T1 LSU A2",
      "productTypeId": "APO",
      "rankId": "COR",
      "scheme": "Scheme A",
      "rotationOffset": 0,
      "local": 0,
      "gender": "MALE",
      "qualifications": [],
      "preferences": {},
      "unavailability": []
    },
    {
      "employeeId": "00050453",
      "ouId": "ATSU OPS OFFICE",
      "productTypeId": "CIV",
      "rankId": "AVP",
      "scheme": "Scheme B",
      "rotationOffset": 0,
      "local": 1,
      "gender": "MALE",
      "qualifications": [],
      "preferences": {},
      "unavailability": []
    },
    {
      "employeeId": "00052099",
      "ouId": "ATSU T1 LSU A3",
      "productTypeId": "APO",
      "rankId": "SER",
      "scheme": "Scheme A",
      "rotationOffset": 0,
      "local": 0,
      "gender": "MALE",
      "qualifications": [],
      "preferences": {},
      "unavailability": []
    },
    {
      "employeeId": "00052754",
      "ouId": "ATSU T1 LSU A2",
      "productTypeId": "APO",
      "rankId": "COR",
      "scheme": "Scheme A",
      "rotationOffset": 0,
      "local": 0,
      "gender": "MALE",
      "qualifications": [],
      "preferences": {},
      "unavailability": []
    },
    {
      "employeeId": "00053019",
      "ouId": "ATSU OPS OFFICE",
      "productTypeId": "APO",
      "rankId": "DEP",
      "scheme": "Scheme B",
      "rotationOffset": 0,
      "local": 1,
      "gender": "MALE",
      "qualifications": [],
      "preferences": {},
      "unavailability": []
    },
    {
      "employeeId": "00053077",
      "ouId": "ATSU T1 LSU A1",
      "productTypeId": "APO",
      "rankId": "COR",
      "scheme": "Scheme A",
      "rotationOffset": 0,
      "local": 1,
      "gender": "MALE",
      "qualifications": [],
      "preferences": {},
      "unavailability": []
    },
    {
      "employeeId": "00054313",
      "ouId": "ATSU T1 LSU A3",
      "productTypeId": "APO",
      "rankId": "SER",
      "scheme": "Scheme A",
      "rotationOffset": 0,
      "local": 0,
      "gender": "FEMALE",
      "qualifications": [],
      "preferences": {},
      "unavailability": []
    },
    {
      "employeeId": "00054564",
      "ouId": "ATSU T1 LSU A2",
      "productTypeId": "APO",
      "rankId": "COR",
      "scheme": "Scheme A",
      "rotationOffset": 0,
      "local": 0,
      "gender": "MALE",
      "qualifications": [],
      "preferences": {},
      "unavailability": []
    },
    {
      "employeeId": "00055855",
      "ouId": "ATSU T1 LSU A3",
      "productTypeId": "APO",
      "rankId": "COR",
      "scheme": "Scheme A",
      "rotationOffset": 0,
      "local": 0,
      "gender": "MALE",
      "qualifications": [],
      "preferences": {},
      "unavailability": []
    },
    {
      "employeeId": "00057088",
      "ouId": "ATSU OPS OFFICE",
      "productTypeId": "APO",
      "rankId": "DEP",
      "scheme": "Scheme A",
      "rotationOffset": 0,
      "local": 1,
      "gender": "MALE",
      "qualifications": [],
      "preferences": {},
      "unavailability": []
    },
    {
      "employeeId": "00057898",
      "ouId": "ATSU T1 LSU A2",
      "productTypeId": "APO",
      "rankId": "LAN",
      "scheme": "Scheme B",
      "rotationOffset": 0,
      "local": 0,
      "gender": "MALE",
      "qualifications": [],
      "preferences": {},
      "unavailability": []
    },
    {
      "employeeId": "00058111",
      "ouId": "ATSU T1 LSU A1",
      "productTypeId": "APO",
      "rankId": "COR",
      "scheme": "Scheme A",
      "rotationOffset": 0,
      "local": 0,
      "gender": "MALE",
      "qualifications": [],
      "preferences": {},
      "unavailability": []
    },
    {
      "employeeId": "00059289",
      "ouId": "ATSU T1 LSU A2",
      "productTypeId": "APO",
      "rankId": "LAN",
      "scheme": "Scheme B",
      "rotationOffset": 0,
      "local": 0,
      "gender": "MALE",
      "qualifications": [],
      "preferences": {},
      "unavailability": []
    },
    {
      "employeeId": "00059690",
      "ouId": "ATSU T1 LSU A1",
      "productTypeId": "APO",
      "rankId": "SER",
      "scheme": "Scheme A",
      "rotationOffset": 0,
      "local": 1,
      "gender": "MALE",
      "qualifications": [],
      "preferences": {},
      "unavailability": []
    },
    {
      "employeeId": "00060880",
      "ouId": "ATSU T1 LSU A1",
      "productTypeId": "APO",
      "rankId": "SER",
      "scheme": "Scheme A",
      "rotationOffset": 0,
      "local": 0,
      "gender": "MALE",
      "qualifications": [],
      "preferences": {},
      "unavailability": []
    },
    {
      "employeeId": "00063006",
      "ouId": "ATSU T1 LSU A3",
      "productTypeId": "APO",
      "rankId": "COR",
      "scheme": "Scheme A",
      "rotationOffset": 0,
      "local": 0,
      "gender": "MALE",
      "qualifications": [],
      "preferences": {},
      "unavailability": []
    },
    {
      "employeeId": "00066299",
      "ouId": "ATSU T1 LSU A1",
      "productTypeId": "APO",
      "rankId": "COR",
      "scheme": "Scheme A",
      "rotationOffset": 0,
      "local": 1,
      "gender": "MALE",
      "qualifications": [],
      "preferences": {},
      "unavailability": []
    },
    {
      "employeeId": "00071261",
      "ouId": "ATSU T1 LSU A2",
      "productTypeId": "APO",
      "rankId": "COR",
      "scheme": "Scheme P",
      "rotationOffset": 0,
      "local": 1,
      "gender": "MALE",
      "qualifications": [],
      "preferences": {},
      "unavailability": []
    },
    {
      "employeeId": "00072107",
      "ouId": "ATSU T1 LSU A3",
      "productTypeId": "APO",
      "rankId": "SSER",
      "scheme": "Scheme A",
      "rotationOffset": 0,
      "local": 1,
      "gender": "MALE",
      "qualifications": [],
      "preferences": {},
      "unavailability": []
    },
    {
      "employeeId": "00073556",
      "ouId": "ATSU T1 LSU A3",
      "productTypeId": "APO",
      "rankId": "CON",
      "scheme": "Scheme B",
      "rotationOffset": 0,
      "local": 0,
      "gender": "MALE",
      "qualifications": [],
      "preferences": {},
      "unavailability": []
    },
    {
      "employeeId": "00074014",
      "ouId": "ATSU OPS OFFICE",
      "productTypeId": "APO",
      "rankId": "DEP",
      "scheme": "Scheme B",
      "rotationOffset": 0,
      "local": 1,
      "gender": "MALE",
      "qualifications": [],
      "preferences": {},
      "unavailability": []
    },
    {
      "employeeId": "00075281",
      "ouId": "ATSU T1 LSU A1",
      "productTypeId": "APO",
      "rankId": "SSER",
      "scheme": "Scheme A",
      "rotationOffset": 0,
      "local": 1,
      "gender": "MALE",
      "qualifications": [],
      "preferences": {},
      "unavailability": []
    },
    {
      "employeeId": "00076621",
      "ouId": "ATSU T1 LSU A2",
      "productTypeId": "APO",
      "rankId": "COR",
      "scheme": "Scheme A",
      "rotationOffset": 0,
      "local": 0,
      "gender": "MALE",
      "qualifications": [],
      "preferences": {},
      "unavailability": []
    },
    {
      "employeeId": "00078433",
      "ouId": "ATSU OPS OFFICE",
      "productTypeId": "APO",
      "rankId": "ASP",
      "scheme": "Scheme B",
      "rotationOffset": 0,
      "local": 1,
      "gender": "MALE",
      "qualifications": [],
      "preferences": {},
      "unavailability": []
    },
    {
      "employeeId": "00080734",
      "ouId": "ATSU T1 LSU A3",
      "productTypeId": "APO",
      "rankId": "COR",
      "scheme": "Scheme A",
      "rotationOffset": 0,
      "local": 0,
      "gender": "MALE",
      "qualifications": [],
      "preferences": {},
      "unavailability": []
    },
    {
      "employeeId": "00081949",
      "ouId": "ATSU OPS OFFICE",
      "productTypeId": "CIV",
      "rankId": "AVP",
      "scheme": "Scheme B",
      "rotationOffset": 0,
      "local": 0,
      "gender": "MALE",
      "qualifications": [],
      "preferences": {},
      "unavailability": []
    },
    {
      "employeeId": "00083949",
      "ouId": "ATSU T1 LSU A1",
      "productTypeId": "APO",
      "rankId": "COR",
      "scheme": "Scheme P",
      "rotationOffset": 0,
      "local": 1,
      "gender": "MALE",
      "qualifications": [],
      "preferences": {},
      "unavailability": []
    },
    {
      "employeeId": "00086428",
      "ouId": "ATSU T1 LSU A1",
      "productTypeId": "APOE",
      "rankId": "APOE3",
      "scheme": "Scheme B",
      "rotationOffset": 0,
      "local": 0,
      "gender": "MALE",
      "qualifications": [],
      "preferences": {},
      "unavailability": []
    },
    {
      "employeeId": "00087101",
      "ouId": "ATSU T1 LSU A1",
      "productTypeId": "APO",
      "rankId": "COR",
      "scheme": "Scheme P",
      "rotationOffset": 0,
      "local": 1,
      "gender": "MALE",
      "qualifications": [],
      "preferences": {},
      "unavailability": []
    },
    {
      "employeeId": "00088222",
      "ouId": "ATSU T1 LSU A3",
      "productTypeId": "APO",
      "rankId": "COR",
      "scheme": "Scheme P",
      "rotationOffset": 0,
      "local": 1,
      "gender": "MALE",
      "qualifications": [],
      "preferences": {},
      "unavailability": []
    },
    {
      "employeeId": "00089008",
      "ouId": "ATSU T1 LSU A2",
      "productTypeId": "APOE",
      "rankId": "APOAES",
      "scheme": "Scheme B",
      "rotationOffset": 0,
      "local": 0,
      "gender": "MALE",
      "qualifications": [],
      "preferences": {},
      "unavailability": []
    },
    {
      "employeeId": "00089938",
      "ouId": "ATSU T1 LSU A1",
      "productTypeId": "APOE",
      "rankId": "APOAES",
      "scheme": "Scheme B",
      "rotationOffset": 0,
      "local": 1,
      "gender": "MALE",
      "qualifications": [],
      "preferences": {},
      "unavailability": []
    },
    {
      "employeeId": "00090682",
      "ouId": "ATSU T1 LSU A1",
      "productTypeId": "APO",
      "rankId": "COR",
      "scheme": "Scheme P",
      "rotationOffset": 0,
      "local": 1,
      "gender": "MALE",
      "qualifications": [],
      "preferences": {},
      "unavailability": []
    },
    {
      "employeeId": "00092044",
      "ouId": "ATSU T1 LSU A3",
      "productTypeId": "APO",
      "rankId": "SER",
      "scheme": "Scheme A",
      "rotationOffset": 0,
      "local": 0,
      "gender": "FEMALE",
      "qualifications": [],
      "preferences": {},
      "unavailability": []
    },
    {
      "employeeId": "00092350",
      "ouId": "ATSU T1 LSU A3",
      "productTypeId": "APO",
      "rankId": "SER",
      "scheme": "Scheme P",
      "rotationOffset": 0,
      "local": 1,
      "gender": "MALE",
      "qualifications": [],
      "preferences": {},
      "unavailability": []
    },
    {
      "employeeId": "00094392",
      "ouId": "ATSU T1 LSU A3",
      "productTypeId": "APO",
      "rankId": "SER",
      "scheme": "Scheme A",
      "rotationOffset": 0,
      "local": 0,
      "gender": "MALE",
      "qualifications": [],
      "preferences": {},
      "unavailability": []
    },
    {
      "employeeId": "00095450",
      "ouId": "ATSU T1 LSU A2",
      "productTypeId": "APO",
      "rankId": "COR",
      "scheme": "Scheme A",
      "rotationOffset": 0,
      "local": 1,
      "gender": "MALE",
      "qualifications": [],
      "preferences": {},
      "unavailability": []
    },
    {
      "employeeId": "00095865",
      "ouId": "ATSU T1 LSU A1",
      "productTypeId": "APO",
      "rankId": "SER",
      "scheme": "Scheme A",
      "rotationOffset": 0,
      "local": 0,
      "gender": "MALE",
      "qualifications": [],
      "preferences": {},
      "unavailability": []
    },
    {
      "employeeId": "00098325",
      "ouId": "ATSU OPS OFFICE",
      "productTypeId": "CIV",
      "rankId": "IOCOM",
      "scheme": "Scheme B",
      "rotationOffset": 0,
      "local": 0,
      "gender": "MALE",
      "qualifications": [],
      "preferences": {},
      "unavailability": []
    },
    {
      "employeeId": "00100004",
      "ouId": "ATSU OPS OFFICE",
      "productTypeId": "APO",
      "rankId": "APOAES",
      "scheme": "Scheme A",
      "rotationOffset": 0,
      "local": 0,
      "gender": "Male",
      "qualifications": [],
      "preferences": {},
      "unavailability": []
    },
    {
      "employeeId": "00100005",
      "ouId": "ATSU OPS OFFICE",
      "productTypeId": "APO",
      "rankId": "APOES",
      "scheme": "Scheme A",
      "rotationOffset": 0,
      "local": 0,
      "gender": "Male",
      "qualifications": [],
      "preferences": {},
      "unavailability": []
    },
    {
      "employeeId": "00100006",
      "ouId": "ATSU OPS OFFICE",
      "productTypeId": "APO",
      "rankId": "APOAES",
      "scheme": "Scheme A",
      "rotationOffset": 0,
      "local": 0,
      "gender": "Male",
      "qualifications": [],
      "preferences": {},
      "unavailability": []
    },
    {
      "employeeId": "00100317",
      "ouId": "ATSU T1 LSU A2",
      "productTypeId": "APO",
      "rankId": "COR",
      "scheme": "Scheme A",
      "rotationOffset": 0,
      "local": 1,
      "gender": "MALE",
      "qualifications": [],
      "preferences": {},
      "unavailability": []
    },
    {
      "employeeId": "00102097",
      "ouId": "ATSU OPS OFFICE",
      "productTypeId": "APO",
      "rankId": "DEP",
      "scheme": "Scheme B",
      "rotationOffset": 0,
      "local": 1,
      "gender": "MALE",
      "qualifications": [],
      "preferences": {},
      "unavailability": []
    },
    {
      "employeeId": "00102664",
      "ouId": "ATSU T1 LSU A2",
      "productTypeId": "APOE",
      "rankId": "APOAES",
      "scheme": "Scheme B",
      "rotationOffset": 0,
      "local": 1,
      "gender": "FEMALE",
      "qualifications": [],
      "preferences": {},
      "unavailability": []
    },
    {
      "employeeId": "00102842",
      "ouId": "ATSU T1 LSU A2",
      "productTypeId": "APO",
      "rankId": "CON",
      "scheme": "Scheme P",
      "rotationOffset": 0,
      "local": 1,
      "gender": "FEMALE",
      "qualifications": [],
      "preferences": {},
      "unavailability": []
    },
    {
      "employeeId": "00103304",
      "ouId": "ATSU T1 LSU A2",
      "productTypeId": "APOE",
      "rankId": "APOAES",
      "scheme": "Scheme B",
      "rotationOffset": 0,
      "local": 1,
      "gender": "MALE",
      "qualifications": [],
      "preferences": {},
      "unavailability": []
    },
    {
      "employeeId": "00103934",
      "ouId": "ATSU T1 LSU A2",
      "productTypeId": "APO",
      "rankId": "SER",
      "scheme": "Scheme A",
      "rotationOffset": 0,
      "local": 0,
      "gender": "MALE",
      "qualifications": [],
      "preferences": {},
      "unavailability": []
    },
    {
      "employeeId": "00105018",
      "ouId": "ATSU T1 LSU A3",
      "productTypeId": "APOE",
      "rankId": "APOAES",
      "scheme": "Scheme B",
      "rotationOffset": 0,
      "local": 1,
      "gender": "FEMALE",
      "qualifications": [],
      "preferences": {},
      "unavailability": []
    },
    {
      "employeeId": "00105508",
      "ouId": "ATSU T1 LSU A2",
      "productTypeId": "APO",
      "rankId": "SER",
      "scheme": "Scheme P",
      "rotationOffset": 0,
      "local": 1,
      "gender": "MALE",
      "qualifications": [],
      "preferences": {},
      "unavailability": []
    },
    {
      "employeeId": "00108798",
      "ouId": "ATSU T1 LSU A3",
      "productTypeId": "APO",
      "rankId": "COR",
      "scheme": "Scheme B",
      "rotationOffset": 0,
      "local": 0,
      "gender": "MALE",
      "qualifications": [],
      "preferences": {},
      "unavailability": []
    },
    {
      "employeeId": "00108927",
      "ouId": "ATSU T1 LSU A1",
      "productTypeId": "APOE",
      "rankId": "APOAES",
      "scheme": "Scheme B",
      "rotationOffset": 0,
      "local": 0,
      "gender": "FEMALE",
      "qualifications": [],
      "preferences": {},
      "unavailability": []
    },
    {
      "employeeId": "00110619",
      "ouId": "ATSU T1 LSU A3",
      "productTypeId": "APOE",
      "rankId": "APOAES",
      "scheme": "Scheme B",
      "rotationOffset": 0,
      "local": 1,
      "gender": "MALE",
      "qualifications": [],
      "preferences": {},
      "unavailability": []
    },
    {
      "employeeId": "00110994",
      "ouId": "ATSU T1 LSU A2",
      "productTypeId": "APOE",
      "rankId": "APOE3",
      "scheme": "Scheme B",
      "rotationOffset": 0,
      "local": 0,
      "gender": "FEMALE",
      "qualifications": [],
      "preferences": {},
      "unavailability": []
    },
    {
      "employeeId": "00112831",
      "ouId": "ATSU T1 LSU A1",
      "productTypeId": "APO",
      "rankId": "SER",
      "scheme": "Scheme A",
      "rotationOffset": 0,
      "local": 1,
      "gender": "MALE",
      "qualifications": [],
      "preferences": {},
      "unavailability": []
    },
    {
      "employeeId": "00113263",
      "ouId": "ATSU T1 LSU A1",
      "productTypeId": "APOE",
      "rankId": "APOAES",
      "scheme": "Scheme B",
      "rotationOffset": 0,
      "local": 1,
      "gender": "MALE",
      "qualifications": [],
      "preferences": {},
      "unavailability": []
    },
    {
      "employeeId": "00114074",
      "ouId": "ATSU T1 LSU A3",
      "productTypeId": "APO",
      "rankId": "COR",
      "scheme": "Scheme P",
      "rotationOffset": 0,
      "local": 0,
      "gender": "MALE",
      "qualifications": [],
      "preferences": {},
      "unavailability": []
    },
    {
      "employeeId": "00120417",
      "ouId": "ATSU T1 LSU A1",
      "productTypeId": "APO",
      "rankId": "COR",
      "scheme": "Scheme A",
      "rotationOffset": 0,
      "local": 0,
      "gender": "MALE",
      "qualifications": [],
      "preferences": {},
      "unavailability": []
    },
    {
      "employeeId": "00120651",
      "ouId": "ATSU OPS OFFICE",
      "productTypeId": "APO",
      "rankId": "INS",
      "scheme": "Scheme B",
      "rotationOffset": 0,
      "local": 1,
      "gender": "MALE",
      "qualifications": [],
      "preferences": {},
      "unavailability": []
    },
    {
      "employeeId": "00120813",
      "ouId": "ATSU T1 LSU A2",
      "productTypeId": "APO",
      "rankId": "COR",
      "scheme": "Scheme A",
      "rotationOffset": 0,
      "local": 0,
      "gender": "MALE",
      "qualifications": [],
      "preferences": {},
      "unavailability": []
    },
    {
      "employeeId": "00121815",
      "ouId": "ATSU T1 LSU A1",
      "productTypeId": "APO",
      "rankId": "SER",
      "scheme": "Scheme A",
      "rotationOffset": 0,
      "local": 1,
      "gender": "MALE",
      "qualifications": [],
      "preferences": {},
      "unavailability": []
    },
    {
      "employeeId": "00123392",
      "ouId": "ATSU T1 LSU A1",
      "productTypeId": "APOE",
      "rankId": "APOE1",
      "scheme": "Scheme B",
      "rotationOffset": 0,
      "local": 0,
      "gender": "MALE",
      "qualifications": [],
      "preferences": {},
      "unavailability": []
    },
    {
      "employeeId": "00124808",
      "ouId": "ATSU T1 LSU A1",
      "productTypeId": "APOE",
      "rankId": "APOES",
      "scheme": "Scheme B",
      "rotationOffset": 0,
      "local": 1,
      "gender": "MALE",
      "qualifications": [],
      "preferences": {},
      "unavailability": []
    },
    {
      "employeeId": "00124812",
      "ouId": "ATSU T1 LSU A3",
      "productTypeId": "APOE",
      "rankId": "APOAES",
      "scheme": "Scheme B",
      "rotationOffset": 0,
      "local": 0,
      "gender": "FEMALE",
      "qualifications": [],
      "preferences": {},
      "unavailability": []
    },
    {
      "employeeId": "00124970",
      "ouId": "ATSU T1 LSU A2",
      "productTypeId": "APO",
      "rankId": "COR",
      "scheme": "Scheme A",
      "rotationOffset": 0,
      "local": 1,
      "gender": "MALE",
      "qualifications": [],
      "preferences": {},
      "unavailability": []
    },
    {
      "employeeId": "00125764",
      "ouId": "ATSU T1 LSU A3",
      "productTypeId": "APO",
      "rankId": "SER",
      "scheme": "Scheme A",
      "rotationOffset": 0,
      "local": 0,
      "gender": "FEMALE",
      "qualifications": [],
      "preferences": {},
      "unavailability": []
    },
    {
      "employeeId": "00126186",
      "ouId": "ATSU T1 LSU A1",
      "productTypeId": "APO",
      "rankId": "COR",
      "scheme": "Scheme P",
      "rotationOffset": 0,
      "local": 1,
      "gender": "FEMALE",
      "qualifications": [],
      "preferences": {},
      "unavailability": []
    },
    {
      "employeeId": "00131929",
      "ouId": "ATSU T1 LSU A3",
      "productTypeId": "APO",
      "rankId": "SER",
      "scheme": "Scheme A",
      "rotationOffset": 0,
      "local": 0,
      "gender": "MALE",
      "qualifications": [],
      "preferences": {},
      "unavailability": []
    },
    {
      "employeeId": "00134813",
      "ouId": "ATSU T1 LSU A3",
      "productTypeId": "APO",
      "rankId": "CON",
      "scheme": "Scheme A",
      "rotationOffset": 0,
      "local": 1,
      "gender": "MALE",
      "qualifications": [],
      "preferences": {},
      "unavailability": []
    },
    {
      "employeeId": "00135789",
      "ouId": "ATSU T1 LSU A3",
      "productTypeId": "APOE",
      "rankId": "APOE3",
      "scheme": "Scheme B",
      "rotationOffset": 0,
      "local": 1,
      "gender": "MALE",
      "qualifications": [],
      "preferences": {},
      "unavailability": []
    },
    {
      "employeeId": "00136149",
      "ouId": "ATSU T1 LSU A1",
      "productTypeId": "APOE",
      "rankId": "APOE3",
      "scheme": "Scheme B",
      "rotationOffset": 0,
      "local": 1,
      "gender": "MALE",
      "qualifications": [],
      "preferences": {},
      "unavailability": []
    },
    {
      "employeeId": "00136187",
      "ouId": "ATSU T1 LSU A1",
      "productTypeId": "APOE",
      "rankId": "APOE3",
      "scheme": "Scheme B",
      "rotationOffset": 0,
      "local": 1,
      "gender": "MALE",
      "qualifications": [],
      "preferences": {},
      "unavailability": []
    },
    {
      "employeeId": "00136261",
      "ouId": "ATSU T1 LSU A1",
      "productTypeId": "APOE",
      "rankId": "APOAES",
      "scheme": "Scheme B",
      "rotationOffset": 0,
      "local": 1,
      "gender": "FEMALE",
      "qualifications": [],
      "preferences": {},
      "unavailability": []
    },
    {
      "employeeId": "00136833",
      "ouId": "ATSU T1 LSU A1",
      "productTypeId": "APO",
      "rankId": "CON",
      "scheme": "Scheme A",
      "rotationOffset": 0,
      "local": 1,
      "gender": "MALE",
      "qualifications": [],
      "preferences": {},
      "unavailability": []
    },
    {
      "employeeId": "00137674",
      "ouId": "ATSU T1 LSU A1",
      "productTypeId": "APO",
      "rankId": "COR",
      "scheme": "Scheme A",
      "rotationOffset": 0,
      "local": 1,
      "gender": "MALE",
      "qualifications": [],
      "preferences": {},
      "unavailability": []
    },
    {
      "employeeId": "00138166",
      "ouId": "ATSU T1 LSU A1",
      "productTypeId": "APOE",
      "rankId": "APOE1",
      "scheme": "Scheme B",
      "rotationOffset": 0,
      "local": 1,
      "gender": "MALE",
      "qualifications": [],
      "preferences": {},
      "unavailability": []
    },
    {
      "employeeId": "00138980",
      "ouId": "ATSU T1 LSU A3",
      "productTypeId": "APOE",
      "rankId": "APOAES",
      "scheme": "Scheme B",
      "rotationOffset": 0,
      "local": 1,
      "gender": "MALE",
      "qualifications": [],
      "preferences": {},
      "unavailability": []
    },
    {
      "employeeId": "00139616",
      "ouId": "ATSU T1 LSU A2",
      "productTypeId": "APO",
      "rankId": "COR",
      "scheme": "Scheme A",
      "rotationOffset": 0,
      "local": 1,
      "gender": "MALE",
      "qualifications": [],
      "preferences": {},
      "unavailability": []
    },
    {
      "employeeId": "00139704",
      "ouId": "ATSU T1 LSU A2",
      "productTypeId": "APOE",
      "rankId": "APOE1",
      "scheme": "Scheme B",
      "rotationOffset": 0,
      "local": 0,
      "gender": "MALE",
      "qualifications": [],
      "preferences": {},
      "unavailability": []
    },
    {
      "employeeId": "00140651",
      "ouId": "ATSU T1 LSU A2",
      "productTypeId": "APOE",
      "rankId": "APOE3",
      "scheme": "Scheme B",
      "rotationOffset": 0,
      "local": 1,
      "gender": "MALE",
      "qualifications": [],
      "preferences": {},
      "unavailability": []
    },
    {
      "employeeId": "00140838",
      "ouId": "ATSU T1 LSU A3",
      "productTypeId": "APO",
      "rankId": "CON",
      "scheme": "Scheme A",
      "rotationOffset": 0,
      "local": 1,
      "gender": "MALE",
      "qualifications": [],
      "preferences": {},
      "unavailability": []
    },
    {
      "employeeId": "00141732",
      "ouId": "ATSU T1 LSU A3",
      "productTypeId": "APOE",
      "rankId": "APOE1",
      "scheme": "Scheme B",
      "rotationOffset": 0,
      "local": 0,
      "gender": "MALE",
      "qualifications": [],
      "preferences": {},
      "unavailability": []
    },
    {
      "employeeId": "00143002",
      "ouId": "ATSU T1 LSU A1",
      "productTypeId": "APO",
      "rankId": "COR",
      "scheme": "Scheme A",
      "rotationOffset": 0,
      "local": 1,
      "gender": "MALE",
      "qualifications": [],
      "preferences": {},
      "unavailability": []
    },
    {
      "employeeId": "00143119",
      "ouId": "ATSU T1 LSU A2",
      "productTypeId": "APO",
      "rankId": "COR",
      "scheme": "Scheme A",
      "rotationOffset": 0,
      "local": 1,
      "gender": "MALE",
      "qualifications": [],
      "preferences": {},
      "unavailability": []
    },
    {
      "employeeId": "00143987",
      "ouId": "ATSU T1 LSU A3",
      "productTypeId": "APO",
      "rankId": "COR",
      "scheme": "Scheme A",
      "rotationOffset": 0,
      "local": 1,
      "gender": "MALE",
      "qualifications": [],
      "preferences": {},
      "unavailability": []
    },
    {
      "employeeId": "00144141",
      "ouId": "ATSU T1 LSU A2",
      "productTypeId": "APOE",
      "rankId": "APOE2",
      "scheme": "Scheme B",
      "rotationOffset": 0,
      "local": 0,
      "gender": "MALE",
      "qualifications": [],
      "preferences": {},
      "unavailability": []
    },
    {
      "employeeId": "00144315",
      "ouId": "ATSU T1 LSU A1",
      "productTypeId": "APO",
      "rankId": "SER",
      "scheme": "Scheme A",
      "rotationOffset": 0,
      "local": 1,
      "gender": "MALE",
      "qualifications": [],
      "preferences": {},
      "unavailability": []
    },
    {
      "employeeId": "00144509",
      "ouId": "ATSU T1 LSU A2",
      "productTypeId": "APO",
      "rankId": "COR",
      "scheme": "Scheme A",
      "rotationOffset": 0,
      "local": 0,
      "gender": "MALE",
      "qualifications": [],
      "preferences": {},
      "unavailability": []
    },
    {
      "employeeId": "00146666",
      "ouId": "ATSU T1 LSU A3",
      "productTypeId": "APO",
      "rankId": "COR",
      "scheme": "Scheme A",
      "rotationOffset": 0,
      "local": 0,
      "gender": "MALE",
      "qualifications": [],
      "preferences": {},
      "unavailability": []
    },
    {
      "employeeId": "00146672",
      "ouId": "ATSU T1 LSU A3",
      "productTypeId": "APOE",
      "rankId": "APOE3",
      "scheme": "Scheme B",
      "rotationOffset": 0,
      "local": 1,
      "gender": "MALE",
      "qualifications": [],
      "preferences": {},
      "unavailability": []
    },
    {
      "employeeId": "00146679",
      "ouId": "ATSU T1 LSU A2",
      "productTypeId": "APOE",
      "rankId": "APOAES",
      "scheme": "Scheme B",
      "rotationOffset": 0,
      "local": 1,
      "gender": "FEMALE",
      "qualifications": [],
      "preferences": {},
      "unavailability": []
    },
    {
      "employeeId": "00146705",
      "ouId": "ATSU T1 LSU A1",
      "productTypeId": "APOE",
      "rankId": "APOE3",
      "scheme": "Scheme B",
      "rotationOffset": 0,
      "local": 1,
      "gender": "MALE",
      "qualifications": [],
      "preferences": {},
      "unavailability": []
    },
    {
      "employeeId": "00146995",
      "ouId": "ATSU OPS OFFICE",
      "productTypeId": "APO",
      "rankId": "INS",
      "scheme": "Scheme B",
      "rotationOffset": 0,
      "local": 1,
      "gender": "MALE",
      "qualifications": [],
      "preferences": {},
      "unavailability": []
    },
    {
      "employeeId": "00147175",
      "ouId": "ATSU T1 LSU A3",
      "productTypeId": "APOE",
      "rankId": "APOE2",
      "scheme": "Scheme B",
      "rotationOffset": 0,
      "local": 1,
      "gender": "MALE",
      "qualifications": [],
      "preferences": {},
      "unavailability": []
    },
    {
      "employeeId": "00147429",
      "ouId": "ATSU T1 LSU A1",
      "productTypeId": "APOE",
      "rankId": "APOE3",
      "scheme": "Scheme B",
      "rotationOffset": 0,
      "local": 1,
      "gender": "FEMALE",
      "qualifications": [],
      "preferences": {},
      "unavailability": []
    },
    {
      "employeeId": "00147762",
      "ouId": "ATSU T1 LSU A2",
      "productTypeId": "APOE",
      "rankId": "APOE3",
      "scheme": "Scheme B",
      "rotationOffset": 0,
      "local": 1,
      "gender": "FEMALE",
      "qualifications": [],
      "preferences": {},
      "unavailability": []
    },
    {
      "employeeId": "00147896",
      "ouId": "ATSU T1 LSU A1",
      "productTypeId": "APOE",
      "rankId": "APOE2",
      "scheme": "Scheme B",
      "rotationOffset": 0,
      "local": 1,
      "gender": "MALE",
      "qualifications": [],
      "preferences": {},
      "unavailability": []
    },
    {
      "employeeId": "00148367",
      "ouId": "ATSU T1 LSU A3",
      "productTypeId": "APOE",
      "rankId": "APOE2",
      "scheme": "Scheme B",
      "rotationOffset": 0,
      "local": 0,
      "gender": "FEMALE",
      "qualifications": [],
      "preferences": {},
      "unavailability": []
    },
    {
      "employeeId": "00148929",
      "ouId": "ATSU T1 LSU A1",
      "productTypeId": "APO",
      "rankId": "COR",
      "scheme": "Scheme A",
      "rotationOffset": 0,
      "local": 1,
      "gender": "MALE",
      "qualifications": [],
      "preferences": {},
      "unavailability": []
    },
    {
      "employeeId": "00149743",
      "ouId": "ATSU T1 LSU A3",
      "productTypeId": "APOE",
      "rankId": "APOE1",
      "scheme": "Scheme B",
      "rotationOffset": 0,
      "local": 1,
      "gender": "MALE",
      "qualifications": [],
      "preferences": {},
      "unavailability": []
    },
    {
      "employeeId": "00152074",
      "ouId": "ATSU T1 LSU A2",
      "productTypeId": "APOE",
      "rankId": "APOE1",
      "scheme": "Scheme B",
      "rotationOffset": 0,
      "local": 0,
      "gender": "MALE",
      "qualifications": [],
      "preferences": {},
      "unavailability": []
    },
    {
      "employeeId": "00153070",
      "ouId": "ATSU T1 LSU A2",
      "productTypeId": "APO",
      "rankId": "COR",
      "scheme": "Scheme A",
      "rotationOffset": 0,
      "local": 1,
      "gender": "FEMALE",
      "qualifications": [],
      "preferences": {},
      "unavailability": []
    },
    {
      "employeeId": "00153514",
      "ouId": "ATSU T1 LSU A2",
      "productTypeId": "APOE",
      "rankId": "APOAES",
      "scheme": "Scheme B",
      "rotationOffset": 0,
      "local": 1,
      "gender": "FEMALE",
      "qualifications": [],
      "preferences": {},
      "unavailability": []
    },
    {
      "employeeId": "00153955",
      "ouId": "ATSU T1 LSU A1",
      "productTypeId": "APOE",
      "rankId": "APOE2",
      "scheme": "Scheme B",
      "rotationOffset": 0,
      "local": 0,
      "gender": "MALE",
      "qualifications": [],
      "preferences": {},
      "unavailability": []
    },
    {
      "employeeId": "00154924",
      "ouId": "ATSU OPS OFFICE",
      "productTypeId": "CIV",
      "rankId": "ASM",
      "scheme": "Scheme B",
      "rotationOffset": 0,
      "local": 0,
      "gender": "MALE",
      "qualifications": [],
      "preferences": {},
      "unavailability": []
    },
    {
      "employeeId": "00155273",
      "ouId": "ATSU T1 LSU A3",
      "productTypeId": "APOE",
      "rankId": "APOE3",
      "scheme": "Scheme B",
      "rotationOffset": 0,
      "local": 1,
      "gender": "FEMALE",
      "qualifications": [],
      "preferences": {},
      "unavailability": []
    },
    {
      "employeeId": "00156843",
      "ouId": "ATSU T1 LSU A2",
      "productTypeId": "APOE",
      "rankId": "APOAES",
      "scheme": "Scheme B",
      "rotationOffset": 0,
      "local": 1,
      "gender": "MALE",
      "qualifications": [],
      "preferences": {},
      "unavailability": []
    },
    {
      "employeeId": "00156974",
      "ouId": "ATSU T1 LSU A3",
      "productTypeId": "APOE",
      "rankId": "APOAES",
      "scheme": "Scheme B",
      "rotationOffset": 0,
      "local": 1,
      "gender": "MALE",
      "qualifications": [],
      "preferences": {},
      "unavailability": []
    },
    {
      "employeeId": "00164235",
      "ouId": "ATSU T1 LSU A1",
      "productTypeId": "APO",
      "rankId": "CON",
      "scheme": "Scheme B",
      "rotationOffset": 0,
      "local": 0,
      "gender": "MALE",
      "qualifications": [],
      "preferences": {},
      "unavailability": []
    },
    {
      "employeeId": "00164371",
      "ouId": "ATSU T1 LSU A1",
      "productTypeId": "APO",
      "rankId": "LAN",
      "scheme": "Scheme B",
      "rotationOffset": 0,
      "local": 0,
      "gender": "MALE",
      "qualifications": [],
      "preferences": {},
      "unavailability": []
    },
    {
      "employeeId": "00164538",
      "ouId": "ATSU T1 LSU A2",
      "productTypeId": "APOE",
      "rankId": "APOE3",
      "scheme": "Scheme B",
      "rotationOffset": 0,
      "local": 1,
      "gender": "MALE",
      "qualifications": [],
      "preferences": {},
      "unavailability": []
    },
    {
      "employeeId": "00164575",
      "ouId": "ATSU T1 LSU A3",
      "productTypeId": "APO",
      "rankId": "LAN",
      "scheme": "Scheme B",
      "rotationOffset": 0,
      "local": 0,
      "gender": "MALE",
      "qualifications": [],
      "preferences": {},
      "unavailability": []
    },
    {
      "employeeId": "00164623",
      "ouId": "ATSU T1 LSU A1",
      "productTypeId": "APO",
      "rankId": "LAN",
      "scheme": "Scheme B",
      "rotationOffset": 0,
      "local": 0,
      "gender": "MALE",
      "qualifications": [],
      "preferences": {},
      "unavailability": []
    },
    {
      "employeeId": "00164641",
      "ouId": "ATSU T1 LSU A2",
      "productTypeId": "APO",
      "rankId": "LAN",
      "scheme": "Scheme B",
      "rotationOffset": 0,
      "local": 0,
      "gender": "FEMALE",
      "qualifications": [],
      "preferences": {},
      "unavailability": []
    },
    {
      "employeeId": "00164706",
      "ouId": "ATSU T1 LSU A3",
      "productTypeId": "APO",
      "rankId": "LAN",
      "scheme": "Scheme B",
      "rotationOffset": 0,
      "local": 0,
      "gender": "MALE",
      "qualifications": [],
      "preferences": {},
      "unavailability": []
    },
    {
      "employeeId": "00165307",
      "ouId": "ATSU T1 LSU A3",
      "productTypeId": "APO",
      "rankId": "COR",
      "scheme": "Scheme A",
      "rotationOffset": 0,
      "local": 1,
      "gender": "MALE",
      "qualifications": [],
      "preferences": {},
      "unavailability": []
    },
    {
      "employeeId": "00166253",
      "ouId": "ATSU T1 LSU A3",
      "productTypeId": "APO",
      "rankId": "CON",
      "scheme": "Scheme B",
      "rotationOffset": 0,
      "local": 0,
      "gender": "MALE",
      "qualifications": [],
      "preferences": {},
      "unavailability": []
    },
    {
      "employeeId": "00166906",
      "ouId": "ATSU T1 LSU A2",
      "productTypeId": "AVSO",
      "rankId": "ASO",
      "scheme": "Scheme A",
      "rotationOffset": 0,
      "local": 1,
      "gender": "MALE",
      "qualifications": [],
      "preferences": {},
      "unavailability": []
    },
    {
      "employeeId": "00167039",
      "ouId": "ATSU T1 LSU A3",
      "productTypeId": "AVSO",
      "rankId": "ASO",
      "scheme": "Scheme A",
      "rotationOffset": 0,
      "local": 1,
      "gender": "MALE",
      "qualifications": [],
      "preferences": {},
      "unavailability": []
    },
    {
      "employeeId": "00167070",
      "ouId": "ATSU T1 LSU A2",
      "productTypeId": "APOE",
      "rankId": "APOE1",
      "scheme": "Scheme B",
      "rotationOffset": 0,
      "local": 1,
      "gender": "MALE",
      "qualifications": [],
      "preferences": {},
      "unavailability": []
    },
    {
      "employeeId": "00167124",
      "ouId": "ATSU OPS OFFICE",
      "productTypeId": "CIV",
      "rankId": "ASM",
      "scheme": "Scheme B",
      "rotationOffset": 0,
      "local": 1,
      "gender": "MALE",
      "qualifications": [],
      "preferences": {},
      "unavailability": []
    },
    {
      "employeeId": "00167775",
      "ouId": "ATSU T1 LSU A1",
      "productTypeId": "APO",
      "rankId": "CON",
      "scheme": "Scheme B",
      "rotationOffset": 0,
      "local": 0,
      "gender": "MALE",
      "qualifications": [],
      "preferences": {},
      "unavailability": []
    },
    {
      "employeeId": "00167818",
      "ouId": "ATSU T1 LSU A2",
      "productTypeId": "APO",
      "rankId": "CON",
      "scheme": "Scheme A",
      "rotationOffset": 0,
      "local": 1,
      "gender": "FEMALE",
      "qualifications": [],
      "preferences": {},
      "unavailability": []
    },
    {
      "employeeId": "00167867",
      "ouId": "ATSU T1 LSU A3",
      "productTypeId": "APO",
      "rankId": "COR",
      "scheme": "Scheme A",
      "rotationOffset": 0,
      "local": 0,
      "gender": "MALE",
      "qualifications": [],
      "preferences": {},
      "unavailability": []
    },
    {
      "employeeId": "00167875",
      "ouId": "ATSU T1 LSU A1",
      "productTypeId": "APO",
      "rankId": "SER",
      "scheme": "Scheme A",
      "rotationOffset": 0,
      "local": 0,
      "gender": "MALE",
      "qualifications": [],
      "preferences": {},
      "unavailability": []
    },
    {
      "employeeId": "00167911",
      "ouId": "ATSU T1 LSU A2",
      "productTypeId": "APO",
      "rankId": "COR",
      "scheme": "Scheme A",
      "rotationOffset": 0,
      "local": 1,
      "gender": "MALE",
      "qualifications": [],
      "preferences": {},
      "unavailability": []
    },
    {
      "employeeId": "00167913",
      "ouId": "ATSU T1 LSU A3",
      "productTypeId": "APO",
      "rankId": "COR",
      "scheme": "Scheme A",
      "rotationOffset": 0,
      "local": 1,
      "gender": "FEMALE",
      "qualifications": [],
      "preferences": {},
      "unavailability": []
    },
    {
      "employeeId": "00167938",
      "ouId": "ATSU T1 LSU A1",
      "productTypeId": "APO",
      "rankId": "COR",
      "scheme": "Scheme A",
      "rotationOffset": 0,
      "local": 1,
      "gender": "MALE",
      "qualifications": [],
      "preferences": {},
      "unavailability": []
    },
    {
      "employeeId": "00168089",
      "ouId": "ATSU T1 LSU A2",
      "productTypeId": "APO",
      "rankId": "COR",
      "scheme": "Scheme A",
      "rotationOffset": 0,
      "local": 1,
      "gender": "MALE",
      "qualifications": [],
      "preferences": {},
      "unavailability": []
    },
    {
      "employeeId": "00168157",
      "ouId": "ATSU T1 LSU A3",
      "productTypeId": "APO",
      "rankId": "COR",
      "scheme": "Scheme A",
      "rotationOffset": 0,
      "local": 1,
      "gender": "MALE",
      "qualifications": [],
      "preferences": {},
      "unavailability": []
    },
    {
      "employeeId": "00168273",
      "ouId": "ATSU T1 LSU A1",
      "productTypeId": "APO",
      "rankId": "CON",
      "scheme": "Scheme B",
      "rotationOffset": 0,
      "local": 0,
      "gender": "MALE",
      "qualifications": [],
      "preferences": {},
      "unavailability": []
    },
    {
      "employeeId": "00168274",
      "ouId": "ATSU T1 LSU A2",
      "productTypeId": "APO",
      "rankId": "CON",
      "scheme": "Scheme B",
      "rotationOffset": 0,
      "local": 0,
      "gender": "FEMALE",
      "qualifications": [],
      "preferences": {},
      "unavailability": []
    },
    {
      "employeeId": "00168275",
      "ouId": "ATSU T1 LSU A3",
      "productTypeId": "APO",
      "rankId": "CON",
      "scheme": "Scheme B",
      "rotationOffset": 0,
      "local": 0,
      "gender": "MALE",
      "qualifications": [],
      "preferences": {},
      "unavailability": []
    },
    {
      "employeeId": "00168606",
      "ouId": "ATSU T1 LSU A1",
      "productTypeId": "APO",
      "rankId": "COR",
      "scheme": "Scheme A",
      "rotationOffset": 0,
      "local": 0,
      "gender": "MALE",
      "qualifications": [],
      "preferences": {},
      "unavailability": []
    },
    {
      "employeeId": "00168988",
      "ouId": "ATSU T1 LSU A3",
      "productTypeId": "APOE",
      "rankId": "APOAES",
      "scheme": "Scheme B",
      "rotationOffset": 0,
      "local": 1,
      "gender": "FEMALE",
      "qualifications": [],
      "preferences": {},
      "unavailability": []
    },
    {
      "employeeId": "00169253",
      "ouId": "ATSU T1 LSU A1",
      "productTypeId": "APOE",
      "rankId": "APOAES",
      "scheme": "Scheme B",
      "rotationOffset": 0,
      "local": 1,
      "gender": "MALE",
      "qualifications": [],
      "preferences": {},
      "unavailability": []
    },
    {
      "employeeId": "00169411",
      "ouId": "ATSU T1 LSU A3",
      "productTypeId": "APOE",
      "rankId": "APOE3",
      "scheme": "Scheme B",
      "rotationOffset": 0,
      "local": 1,
      "gender": "MALE",
      "qualifications": [],
      "preferences": {},
      "unavailability": []
    },
    {
      "employeeId": "00169438",
      "ouId": "ATSU T1 LSU A2",
      "productTypeId": "APO",
      "rankId": "COR",
      "scheme": "Scheme A",
      "rotationOffset": 0,
      "local": 1,
      "gender": "MALE",
      "qualifications": [],
      "preferences": {},
      "unavailability": []
    },
    {
      "employeeId": "00169597",
      "ouId": "ATSU T1 LSU A3",
      "productTypeId": "APO",
      "rankId": "COR",
      "scheme": "Scheme A",
      "rotationOffset": 0,
      "local": 1,
      "gender": "MALE",
      "qualifications": [],
      "preferences": {},
      "unavailability": []
    },
    {
      "employeeId": "00169894",
      "ouId": "ATSU T1 LSU A1",
      "productTypeId": "APO",
      "rankId": "SER",
      "scheme": "Scheme A",
      "rotationOffset": 0,
      "local": 1,
      "gender": "MALE",
      "qualifications": [],
      "preferences": {},
      "unavailability": []
    },
    {
      "employeeId": "00170174",
      "ouId": "ATSU T1 LSU A2",
      "productTypeId": "APO",
      "rankId": "COR",
      "scheme": "Scheme A",
      "rotationOffset": 0,
      "local": 1,
      "gender": "MALE",
      "qualifications": [],
      "preferences": {},
      "unavailability": []
    },
    {
      "employeeId": "00170294",
      "ouId": "ATSU T1 LSU A3",
      "productTypeId": "APO",
      "rankId": "COR",
      "scheme": "Scheme A",
      "rotationOffset": 0,
      "local": 1,
      "gender": "MALE",
      "qualifications": [],
      "preferences": {},
      "unavailability": []
    },
    {
      "employeeId": "00170319",
      "ouId": "ATSU T1 LSU A1",
      "productTypeId": "APO",
      "rankId": "COR",
      "scheme": "Scheme A",
      "rotationOffset": 0,
      "local": 1,
      "gender": "MALE",
      "qualifications": [],
      "preferences": {},
      "unavailability": []
    },
    {
      "employeeId": "00170614",
      "ouId": "ATSU T1 LSU A2",
      "productTypeId": "APO",
      "rankId": "REC",
      "scheme": "Scheme B",
      "rotationOffset": 0,
      "local": 0,
      "gender": "MALE",
      "qualifications": [],
      "preferences": {},
      "unavailability": []
    },
    {
      "employeeId": "00170621",
      "ouId": "ATSU T1 LSU A3",
      "productTypeId": "APO",
      "rankId": "SER",
      "scheme": "Scheme A",
      "rotationOffset": 0,
      "local": 1,
      "gender": "MALE",
      "qualifications": [],
      "preferences": {},
      "unavailability": []
    },
    {
      "employeeId": "00170844",
      "ouId": "ATSU T1 LSU A1",
      "productTypeId": "APO",
      "rankId": "SER",
      "scheme": "Scheme A",
      "rotationOffset": 0,
      "local": 1,
      "gender": "MALE",
      "qualifications": [],
      "preferences": {},
      "unavailability": []
    },
    {
      "employeeId": "00171049",
      "ouId": "ATSU T1 LSU A3",
      "productTypeId": "APO",
      "rankId": "SER",
      "scheme": "Scheme A",
      "rotationOffset": 0,
      "local": 1,
      "gender": "MALE",
      "qualifications": [],
      "preferences": {},
      "unavailability": []
    },
    {
      "employeeId": "00171051",
      "ouId": "ATSU T1 LSU A2",
      "productTypeId": "APO",
      "rankId": "COR",
      "scheme": "Scheme A",
      "rotationOffset": 0,
      "local": 1,
      "gender": "MALE",
      "qualifications": [],
      "preferences": {},
      "unavailability": []
    },
    {
      "employeeId": "00171073",
      "ouId": "ATSU T1 LSU A1",
      "productTypeId": "APO",
      "rankId": "REC",
      "scheme": "Scheme B",
      "rotationOffset": 0,
      "local": 0,
      "gender": "FEMALE",
      "qualifications": [],
      "preferences": {},
      "unavailability": []
    },
    {
      "employeeId": "00171112",
      "ouId": "ATSU T1 LSU A2",
      "productTypeId": "APO",
      "rankId": "CON",
      "scheme": "Scheme B",
      "rotationOffset": 0,
      "local": 0,
      "gender": "MALE",
      "qualifications": [],
      "preferences": {},
      "unavailability": []
    },
    {
      "employeeId": "00171118",
      "ouId": "ATSU T1 LSU A3",
      "productTypeId": "APO",
      "rankId": "CON",
      "scheme": "Scheme B",
      "rotationOffset": 0,
      "local": 0,
      "gender": "MALE",
      "qualifications": [],
      "preferences": {},
      "unavailability": []
    },
    {
      "employeeId": "00171119",
      "ouId": "ATSU T1 LSU A1",
      "productTypeId": "APO",
      "rankId": "CON",
      "scheme": "Scheme B",
      "rotationOffset": 0,
      "local": 0,
      "gender": "FEMALE",
      "qualifications": [],
      "preferences": {},
      "unavailability": []
    },
    {
      "employeeId": "00171120",
      "ouId": "ATSU T1 LSU A2",
      "productTypeId": "APO",
      "rankId": "CON",
      "scheme": "Scheme B",
      "rotationOffset": 0,
      "local": 0,
      "gender": "MALE",
      "qualifications": [],
      "preferences": {},
      "unavailability": []
    },
    {
      "employeeId": "00171121",
      "ouId": "ATSU T1 LSU A3",
      "productTypeId": "APO",
      "rankId": "CON",
      "scheme": "Scheme B",
      "rotationOffset": 0,
      "local": 0,
      "gender": "MALE",
      "qualifications": [],
      "preferences": {},
      "unavailability": []
    },
    {
      "employeeId": "00171122",
      "ouId": "ATSU T1 LSU A1",
      "productTypeId": "APO",
      "rankId": "CON",
      "scheme": "Scheme B",
      "rotationOffset": 0,
      "local": 0,
      "gender": "MALE",
      "qualifications": [],
      "preferences": {},
      "unavailability": []
    },
    {
      "employeeId": "00171123",
      "ouId": "ATSU T1 LSU A2",
      "productTypeId": "APO",
      "rankId": "CON",
      "scheme": "Scheme B",
      "rotationOffset": 0,
      "local": 0,
      "gender": "MALE",
      "qualifications": [],
      "preferences": {},
      "unavailability": []
    },
    {
      "employeeId": "00171124",
      "ouId": "ATSU T1 LSU A3",
      "productTypeId": "APO",
      "rankId": "CON",
      "scheme": "Scheme B",
      "rotationOffset": 0,
      "local": 0,
      "gender": "MALE",
      "qualifications": [],
      "preferences": {},
      "unavailability": []
    },
    {
      "employeeId": "00171125",
      "ouId": "ATSU T1 LSU A1",
      "productTypeId": "APO",
      "rankId": "CON",
      "scheme": "Scheme B",
      "rotationOffset": 0,
      "local": 0,
      "gender": "MALE",
      "qualifications": [],
      "preferences": {},
      "unavailability": []
    },
    {
      "employeeId": "00171126",
      "ouId": "ATSU T1 LSU A2",
      "productTypeId": "APO",
      "rankId": "CON",
      "scheme": "Scheme B",
      "rotationOffset": 0,
      "local": 0,
      "gender": "MALE",
      "qualifications": [],
      "preferences": {},
      "unavailability": []
    },
    {
      "employeeId": "00171127",
      "ouId": "ATSU T1 LSU A1",
      "productTypeId": "APO",
      "rankId": "LAN",
      "scheme": "Scheme B",
      "rotationOffset": 0,
      "local": 0,
      "gender": "MALE",
      "qualifications": [],
      "preferences": {},
      "unavailability": []
    },
    {
      "employeeId": "00171135",
      "ouId": "ATSU T1 LSU A1",
      "productTypeId": "APO",
      "rankId": "CON",
      "scheme": "Scheme B",
      "rotationOffset": 0,
      "local": 0,
      "gender": "MALE",
      "qualifications": [],
      "preferences": {},
      "unavailability": []
    },
    {
      "employeeId": "00171136",
      "ouId": "ATSU T1 LSU A2",
      "productTypeId": "APO",
      "rankId": "CON",
      "scheme": "Scheme B",
      "rotationOffset": 0,
      "local": 0,
      "gender": "MALE",
      "qualifications": [],
      "preferences": {},
      "unavailability": []
    },
    {
      "employeeId": "00171137",
      "ouId": "ATSU T1 LSU A3",
      "productTypeId": "APO",
      "rankId": "CON",
      "scheme": "Scheme B",
      "rotationOffset": 0,
      "local": 0,
      "gender": "MALE",
      "qualifications": [],
      "preferences": {},
      "unavailability": []
    },
    {
      "employeeId": "00171138",
      "ouId": "ATSU T1 LSU A1",
      "productTypeId": "APO",
      "rankId": "CON",
      "scheme": "Scheme B",
      "rotationOffset": 0,
      "local": 0,
      "gender": "MALE",
      "qualifications": [],
      "preferences": {},
      "unavailability": []
    },
    {
      "employeeId": "00171210",
      "ouId": "ATSU T1 LSU A2",
      "productTypeId": "APO",
      "rankId": "CON",
      "scheme": "Scheme A",
      "rotationOffset": 0,
      "local": 1,
      "gender": "FEMALE",
      "qualifications": [],
      "preferences": {},
      "unavailability": []
    },
    {
      "employeeId": "00171378",
      "ouId": "ATSU T1 LSU A3",
      "productTypeId": "APO",
      "rankId": "REC",
      "scheme": "Scheme B",
      "rotationOffset": 0,
      "local": 0,
      "gender": "MALE",
      "qualifications": [],
      "preferences": {},
      "unavailability": []
    },
    {
      "employeeId": "00171455",
      "ouId": "ATSU T1 LSU A1",
      "productTypeId": "APO",
      "rankId": "COR",
      "scheme": "Scheme B",
      "rotationOffset": 0,
      "local": 1,
      "gender": "MALE",
      "qualifications": [],
      "preferences": {},
      "unavailability": []
    },
    {
      "employeeId": "00171592",
      "ouId": "ATSU T1 LSU A2",
      "productTypeId": "APO",
      "rankId": "REC",
      "scheme": "Scheme B",
      "rotationOffset": 0,
      "local": 0,
      "gender": "MALE",
      "qualifications": [],
      "preferences": {},
      "unavailability": []
    },
    {
      "employeeId": "00171603",
      "ouId": "ATSU T1 LSU A3",
      "productTypeId": "APO",
      "rankId": "SER",
      "scheme": "Scheme A",
      "rotationOffset": 0,
      "local": 1,
      "gender": "MALE",
      "qualifications": [],
      "preferences": {},
      "unavailability": []
    },
    {
      "employeeId": "00171645",
      "ouId": "ATSU T1 LSU A3",
      "productTypeId": "APOE",
      "rankId": "APOAES",
      "scheme": "Scheme B",
      "rotationOffset": 0,
      "local": 1,
      "gender": "FEMALE",
      "qualifications": [],
      "preferences": {},
      "unavailability": []
    },
    {
      "employeeId": "00171646",
      "ouId": "ATSU T1 LSU A3",
      "productTypeId": "APO",
      "rankId": "REC",
      "scheme": "Scheme B",
      "rotationOffset": 0,
      "local": 0,
      "gender": "MALE",
      "qualifications": [],
      "preferences": {},
      "unavailability": []
    },
    {
      "employeeId": "00171647",
      "ouId": "ATSU T1 LSU A1",
      "productTypeId": "APO",
      "rankId": "REC",
      "scheme": "Scheme B",
      "rotationOffset": 0,
      "local": 0,
      "gender": "MALE",
      "qualifications": [],
      "preferences": {},
      "unavailability": []
    },
    {
      "employeeId": "00171706",
      "ouId": "ATSU T1 LSU A2",
      "productTypeId": "APO",
      "rankId": "REC",
      "scheme": "Scheme B",
      "rotationOffset": 0,
      "local": 0,
      "gender": "MALE",
      "qualifications": [],
      "preferences": {},
      "unavailability": []
    },
    {
      "employeeId": "00171783",
      "ouId": "ATSU OPS OFFICE",
      "productTypeId": "CIV",
      "rankId": "ASM",
      "scheme": "Scheme B",
      "rotationOffset": 0,
      "local": 1,
      "gender": "MALE",
      "qualifications": [],
      "preferences": {},
      "unavailability": []
    },
    {
      "employeeId": "00171904",
      "ouId": "ATSU T1 LSU A3",
      "productTypeId": "APO",
      "rankId": "COR",
      "scheme": "Scheme B",
      "rotationOffset": 0,
      "local": 0,
      "gender": "MALE",
      "qualifications": [],
      "preferences": {},
      "unavailability": []
    },
    {
      "employeeId": "00171905",
      "ouId": "ATSU T1 LSU A1",
      "productTypeId": "APO",
      "rankId": "COR",
      "scheme": "Scheme B",
      "rotationOffset": 0,
      "local": 0,
      "gender": "MALE",
      "qualifications": [],
      "preferences": {},
      "unavailability": []
    },
    {
      "employeeId": "00171906",
      "ouId": "ATSU T1 LSU A2",
      "productTypeId": "APO",
      "rankId": "COR",
      "scheme": "Scheme B",
      "rotationOffset": 0,
      "local": 0,
      "gender": "FEMALE",
      "qualifications": [],
      "preferences": {},
      "unavailability": []
    },
    {
      "employeeId": "00171907",
      "ouId": "ATSU T1 LSU A3",
      "productTypeId": "APO",
      "rankId": "COR",
      "scheme": "Scheme B",
      "rotationOffset": 0,
      "local": 0,
      "gender": "FEMALE",
      "qualifications": [],
      "preferences": {},
      "unavailability": []
    },
    {
      "employeeId": "00171908",
      "ouId": "ATSU T1 LSU A1",
      "productTypeId": "APO",
      "rankId": "COR",
      "scheme": "Scheme B",
      "rotationOffset": 0,
      "local": 0,
      "gender": "FEMALE",
      "qualifications": [],
      "preferences": {},
      "unavailability": []
    },
    {
      "employeeId": "00171909",
      "ouId": "ATSU T1 LSU A2",
      "productTypeId": "APO",
      "rankId": "COR",
      "scheme": "Scheme B",
      "rotationOffset": 0,
      "local": 0,
      "gender": "FEMALE",
      "qualifications": [],
      "preferences": {},
      "unavailability": []
    },
    {
      "employeeId": "00171910",
      "ouId": "ATSU T1 LSU A3",
      "productTypeId": "APO",
      "rankId": "REC",
      "scheme": "Scheme B",
      "rotationOffset": 0,
      "local": 0,
      "gender": "MALE",
      "qualifications": [],
      "preferences": {},
      "unavailability": []
    },
    {
      "employeeId": "00172003",
      "ouId": "ATSU T1 LSU A1",
      "productTypeId": "APO",
      "rankId": "SER",
      "scheme": "Scheme A",
      "rotationOffset": 0,
      "local": 1,
      "gender": "MALE",
      "qualifications": [],
      "preferences": {},
      "unavailability": []
    },
    {
      "employeeId": "00172004",
      "ouId": "ATSU T1 LSU A1",
      "productTypeId": "APO",
      "rankId": "REC",
      "scheme": "Scheme B",
      "rotationOffset": 0,
      "local": 0,
      "gender": "MALE",
      "qualifications": [],
      "preferences": {},
      "unavailability": []
    },
    {
      "employeeId": "00172057",
      "ouId": "ATSU T1 LSU A2",
      "productTypeId": "APO",
      "rankId": "REC",
      "scheme": "Scheme B",
      "rotationOffset": 0,
      "local": 0,
      "gender": "MALE",
      "qualifications": [],
      "preferences": {},
      "unavailability": []
    },
    {
      "employeeId": "00172059",
      "ouId": "ATSU T1 LSU A3",
      "productTypeId": "APO",
      "rankId": "REC",
      "scheme": "Scheme B",
      "rotationOffset": 0,
      "local": 0,
      "gender": "MALE",
      "qualifications": [],
      "preferences": {},
      "unavailability": []
    },
    {
      "employeeId": "00172166",
      "ouId": "ATSU T1 LSU A1",
      "productTypeId": "CIV",
      "rankId": "REC",
      "scheme": "Scheme B",
      "rotationOffset": 0,
      "local": 0,
      "gender": "MALE",
      "qualifications": [],
      "preferences": {},
      "unavailability": []
    },
    {
      "employeeId": "00172174",
      "ouId": "ATSU T1 LSU A2",
      "productTypeId": "APO",
      "rankId": "COR",
      "scheme": "Scheme B",
      "rotationOffset": 0,
      "local": 0,
      "gender": "MALE",
      "qualifications": [],
      "preferences": {},
      "unavailability": []
    },
    {
      "employeeId": "00172194",
      "ouId": "ATSU T1 LSU A3",
      "productTypeId": "APO",
      "rankId": "REC",
      "scheme": "Scheme B",
      "rotationOffset": 0,
      "local": 0,
      "gender": "MALE",
      "qualifications": [],
      "preferences": {},
      "unavailability": []
    },
    {
      "employeeId": "00172267",
      "ouId": "ATSU T1 LSU A1",
      "productTypeId": "APO",
      "rankId": "COR",
      "scheme": "Scheme B",
      "rotationOffset": 0,
      "local": 0,
      "gender": "MALE",
      "qualifications": [],
      "preferences": {},
      "unavailability": []
    },
    {
      "employeeId": "00172344",
      "ouId": "ATSU T1 LSU A2",
      "productTypeId": "APO",
      "rankId": "COR",
      "scheme": "Scheme B",
      "rotationOffset": 0,
      "local": 0,
      "gender": "FEMALE",
      "qualifications": [],
      "preferences": {},
      "unavailability": []
    },
    {
      "employeeId": "00172394",
      "ouId": "ATSU T1 LSU A3",
      "productTypeId": "APO",
      "rankId": "REC",
      "scheme": "Scheme B",
      "rotationOffset": 0,
      "local": 0,
      "gender": "MALE",
      "qualifications": [],
      "preferences": {},
      "unavailability": []
    },
    {
      "employeeId": "00172624",
      "ouId": "ATSU T1 LSU A1",
      "productTypeId": "APO",
      "rankId": "REC",
      "scheme": "Scheme B",
      "rotationOffset": 0,
      "local": 0,
      "gender": "MALE",
      "qualifications": [],
      "preferences": {},
      "unavailability": []
    },
    {
      "employeeId": "00172626",
      "ouId": "ATSU T1 LSU A2",
      "productTypeId": "APO",
      "rankId": "REC",
      "scheme": "Scheme B",
      "rotationOffset": 0,
      "local": 0,
      "gender": "MALE",
      "qualifications": [],
      "preferences": {},
      "unavailability": []
    },
    {
      "employeeId": "00172679",
      "ouId": "ATSU T1 LSU A3",
      "productTypeId": "APO",
      "rankId": "REC",
      "scheme": "Scheme B",
      "rotationOffset": 0,
      "local": 0,
      "gender": "MALE",
      "qualifications": [],
      "preferences": {},
      "unavailability": []
    },
    {
      "employeeId": "00172704",
      "ouId": "ATSU T1 LSU A2",
      "productTypeId": "APO",
      "rankId": "REC",
      "scheme": "Scheme B",
      "rotationOffset": 0,
      "local": 0,
      "gender": "MALE",
      "qualifications": [],
      "preferences": {},
      "unavailability": []
    },
    {
      "employeeId": "00172707",
      "ouId": "ATSU T1 LSU A2",
      "productTypeId": "APO",
      "rankId": "REC",
      "scheme": "Scheme B",
      "rotationOffset": 0,
      "local": 0,
      "gender": "FEMALE",
      "qualifications": [],
      "preferences": {},
      "unavailability": []
    },
    {
      "employeeId": "00172709",
      "ouId": "ATSU T1 LSU A3",
      "productTypeId": "APO",
      "rankId": "REC",
      "scheme": "Scheme B",
      "rotationOffset": 0,
      "local": 0,
      "gender": "MALE",
      "qualifications": [],
      "preferences": {},
      "unavailability": []
    },
    {
      "employeeId": "00172760",
      "ouId": "ATSU T1 LSU A1",
      "productTypeId": "APO",
      "rankId": "REC",
      "scheme": "Scheme B",
      "rotationOffset": 0,
      "local": 0,
      "gender": "MALE",
      "qualifications": [],
      "preferences": {},
      "unavailability": []
    },
    {
      "employeeId": "00172761",
      "ouId": "ATSU T1 LSU A2",
      "productTypeId": "APO",
      "rankId": "REC",
      "scheme": "Scheme B",
      "rotationOffset": 0,
      "local": 0,
      "gender": "FEMALE",
      "qualifications": [],
      "preferences": {},
      "unavailability": []
    },
    {
      "employeeId": "00172877",
      "ouId": "ATSU T1 LSU A3",
      "productTypeId": "APO",
      "rankId": "REC",
      "scheme": "Scheme B",
      "rotationOffset": 0,
      "local": 0,
      "gender": "MALE",
      "qualifications": [],
      "preferences": {},
      "unavailability": []
    },
    {
      "employeeId": "00172881",
      "ouId": "ATSU T1 LSU A1",
      "productTypeId": "APO",
      "rankId": "REC",
      "scheme": "Scheme B",
      "rotationOffset": 0,
      "local": 0,
      "gender": "MALE",
      "qualifications": [],
      "preferences": {},
      "unavailability": []
    },
    {
      "employeeId": "00173010",
      "ouId": "ATSU T1 LSU A2",
      "productTypeId": "APO",
      "rankId": "REC",
      "scheme": "Scheme B",
      "rotationOffset": 0,
      "local": 0,
      "gender": "MALE",
      "qualifications": [],
      "preferences": {},
      "unavailability": []
    },
    {
      "employeeId": "00173110",
      "ouId": "ATSU T1 LSU A3",
      "productTypeId": "APO",
      "rankId": "REC",
      "scheme": "Scheme B",
      "rotationOffset": 0,
      "local": 0,
      "gender": "MALE",
      "qualifications": [],
      "preferences": {},
      "unavailability": []
    },
    {
      "employeeId": "00173259",
      "ouId": "ATSU T1 LSU A1",
      "productTypeId": "APO",
      "rankId": "REC",
      "scheme": "Scheme B",
      "rotationOffset": 0,
      "local": 0,
      "gender": "MALE",
      "qualifications": [],
      "preferences": {},
      "unavailability": []
    },
    {
      "employeeId": "00173260",
      "ouId": "ATSU T1 LSU A2",
      "productTypeId": "APO",
      "rankId": "REC",
      "scheme": "Scheme B",
      "rotationOffset": 0,
      "local": 0,
      "gender": "FEMALE",
      "qualifications": [],
      "preferences": {},
      "unavailability": []
    },
    {
      "employeeId": "00173451",
      "ouId": "ATSU T1 LSU A3",
      "productTypeId": "APO",
      "rankId": "REC",
      "scheme": "Scheme B",
      "rotationOffset": 0,
      "local": 0,
      "gender": "MALE",
      "qualifications": [],
      "preferences": {},
      "unavailability": []
    },
    {
      "employeeId": "00173588",
      "ouId": "ATSU T1 LSU A1",
      "productTypeId": "APO",
      "rankId": "REC",
      "scheme": "Scheme B",
      "rotationOffset": 0,
      "local": 0,
      "gender": "FEMALE",
      "qualifications": [],
      "preferences": {},
      "unavailability": []
    },
    {
      "employeeId": "00173618",
      "ouId": "ATSU T1 LSU A2",
      "productTypeId": "APO",
      "rankId": "REC",
      "scheme": "Scheme B",
      "rotationOffset": 0,
      "local": 0,
      "gender": "MALE",
      "qualifications": [],
      "preferences": {},
      "unavailability": []
    },
    {
      "employeeId": "00173649",
      "ouId": "ATSU T1 LSU A3",
      "productTypeId": "APO",
      "rankId": "REC",
      "scheme": "Scheme B",
      "rotationOffset": 0,
      "local": 0,
      "gender": "MALE",
      "qualifications": [],
      "preferences": {},
      "unavailability": []
    },
    {
      "employeeId": "00173762",
      "ouId": "ATSU T1 LSU A1",
      "productTypeId": "APO",
      "rankId": "REC",
      "scheme": "Scheme B",
      "rotationOffset": 0,
      "local": 0,
      "gender": "MALE",
      "qualifications": [],
      "preferences": {},
      "unavailability": []
    },
    {
      "employeeId": "00173765",
      "ouId": "ATSU T1 LSU A2",
      "productTypeId": "APO",
      "rankId": "REC",
      "scheme": "Scheme B",
      "rotationOffset": 0,
      "local": 0,
      "gender": "FEMALE",
      "qualifications": [],
      "preferences": {},
      "unavailability": []
    },
    {
      "employeeId": "00173957",
      "ouId": "ATSU T1 LSU A3",
      "productTypeId": "APO",
      "rankId": "REC",
      "scheme": "Scheme B",
      "rotationOffset": 0,
      "local": 0,
      "gender": "MALE",
      "qualifications": [],
      "preferences": {},
      "unavailability": []
    },
    {
      "employeeId": "02000011",
      "ouId": "ATSU T1 LSU A2",
      "productTypeId": "APOE",
      "rankId": "AHRB",
      "scheme": "Scheme P",
      "rotationOffset": 0,
      "local": 0,
      "gender": "MALE",
      "qualifications": [],
      "preferences": {},
      "unavailability": []
    },
    {
      "employeeId": "02000013",
      "ouId": "ATSU T1 LSU A1",
      "productTypeId": "APOE",
      "rankId": "COR",
      "scheme": "Scheme P",
      "rotationOffset": 0,
      "local": 0,
      "gender": "MALE",
      "qualifications": [],
      "preferences": {},
      "unavailability": []
    },
    {
      "employeeId": "12345678",
      "ouId": "ATSU OPS OFFICE",
      "productTypeId": "CMO",
      "rankId": "CMO",
      "scheme": "Scheme A",
      "rotationOffset": 0,
      "local": 0,
      "gender": "Male",
      "qualifications": [],
      "preferences": {},
      "unavailability": []
    }
  ],
  "constraintList": [
    {
      "id": "momMaxConsecutiveWorkDays",
      "enforcement": "hard",
      "description": "MOM Regulatory: Maximum consecutive working days allowed",
      "params": {
        "maxDays": 12
      }
    },
    {
      "id": "momWeeklyHoursCap44h",
      "enforcement": "hard",
      "description": "MOM Regulatory: Maximum 44 hours per week",
      "params": {
        "maxWeeklyHours": 44
      }
    },
    {
      "id": "momOneoffperweek",
      "enforcement": "hard",
      "description": "MOM Employment Act: At least one rest day per week",
      "params": {
        "required": true
      }
    },
    {
      "id": "momMonthlyOTcap72h",
      "enforcement": "hard",
      "description": "MOM Employment Act: Maximum 72 hours overtime per month",
      "params": {
        "maxOTMinutesPerMonth": 4320,
        "otStartsAfterScheduledMinutes": 540,
        "lunchMinutes": 60,
        "includeLunchInOTTrigger": true
      }
    },
    {
      "id": "momLunchBreak",
      "enforcement": "hard",
      "description": "MOM meal break requirements: 1 hour deduction for shifts >= 8 hours",
      "params": {
        "deductMinutes": 60,
        "deductIfShiftAtLeastMinutes": 480
      }
    },
    {
      "id": "teamContinuity",
      "enforcement": "medium",
      "description": "Maintain team stability for better coordination",
      "params": {
        "minDaysTogether": 3,
        "maxTeamChangesPerWeek": 2
      }
    },
    {
      "id": "oneShiftPerDay",
      "enforcement": "hard",
      "description": "",
      "params": {
        "oneShiftPerDay": "1"
      }
    },
    {
      "id": "momDailyHoursCap",
      "enforcement": "hard",
      "description": "MOM Regulatory: Daily hours cap for different Schemes (eg Scheme A14h incl. meal)",
      "params": {
        "maxDailyHoursGeneral": 12,
        "maxDailyHoursA": 14,
        "maxDailyHoursB": 13,
        "maxDailyHoursP": 9
      }
    }
  ],
  "solverScoreConfig": {}
}