{"schemaVersion": "0.98", "planningReference": "RST-20260106-D293558C", "timezone": "Asia/Singapore", "planningHorizon": {"startDate": "2026-01-01", "endDate": "2026-01-31"}, "publicHolidays": ["2026-01-01"], "solverConfig": {"optimizationMode": "minimizeEmployeeCount", "maxEmployeesToUse": 279}, "solverRunTime": {"maxSeconds": 300}, "schemeMap": {"A": "Scheme A", "B": "Scheme B", "P": "Scheme P"}, "fixedRotationOffset": "ouOffsets", "fallbackToOutcomeBased": false, "ouOffsets": [{"ouId": "ATSU T1 LSU A1", "rotationOffset": 0}, {"ouId": "ATSU T1 LSU A2", "rotationOffset": 1}, {"ouId": "ATSU T1 LSU A3", "rotationOffset": 2}], "demandItems": [{"demandId": "DI-2512170306-55151724", "locationId": "LOC-DATT-3167", "shiftStartDate": "2026-01-01", "rosteringBasis": "outcomeBased", "templateGenerationMode": "incremental", "minStaffThresholdPercentage": 100, "shifts": [{"shiftDetails": [{"shiftCode": "D", "start": "08:00:00", "end": "20:00:00", "nextDay": false}], "includePublicHolidays": true, "includeEveOfPublicHolidays": true, "shiftSetId": "Set_DI_2512170306_55151724", "coverageDays": ["Mon", "Tue", "Wed", "Thu", "Fri", "Sat", "Sun"], "coverageAnchor": "2026-01-01", "whitelist": {"teamIds": [], "employeeIds": []}, "blacklist": {"employeeIds": []}}], "requirements": [{"requirementId": "169_1", "icpmpBufferPercentage": 50, "productTypeId": "APO", "rankIds": ["COR"], "headcount": 0, "workPattern": ["D", "D", "D", "D", "D", "O", "O"], "requiredQualifications": [], "gender": "Any", "schemes": ["Any"], "enableOtAwareIcpmp": false}]}], "employees": [{"employeeId": "00011736", "ouId": "ATSU T1 LSU A1", "productTypeId": "APO", "rankId": "SGT", "scheme": "Scheme A", "rotationOffset": 0, "local": 1, "gender": "MALE", "qualifications": [], "preferences": {}, "unavailability": []}, {"employeeId": "00011873", "ouId": "ATSU T1 LSU A3", "productTypeId": "APO", "rankId": "SSER", "scheme": "Scheme A", "rotationOffset": 2, "local": 1, "gender": "MALE", "qualifications": [], "preferences": {}, "unavailability": []}, {"employeeId": "00012660", "ouId": "ATSU T1 LSU A2", "productTypeId": "APO", "rankId": "SGT", "scheme": "Scheme A", "rotationOffset": 1, "local": 1, "gender": "FEMALE", "qualifications": [], "preferences": {}, "unavailability": []}, {"employeeId": "00012907", "ouId": "ATSU T1 LSU A1", "productTypeId": "APO", "rankId": "SSER", "scheme": "Scheme A", "rotationOffset": 0, "local": 1, "gender": "MALE", "qualifications": [], "preferences": {}, "unavailability": []}, {"employeeId": "00012969", "ouId": "ATSU T1 LSU A3", "productTypeId": "APO", "rankId": "SSER", "scheme": "Scheme A", "rotationOffset": 2, "local": 1, "gender": "MALE", "qualifications": [], "preferences": {}, "unavailability": []}, {"employeeId": "00012986", "ouId": "ATSU T1 LSU A2", "productTypeId": "APO", "rankId": "SSER", "scheme": "Scheme A", "rotationOffset": 1, "local": 1, "gender": "MALE", "qualifications": [], "preferences": {}, "unavailability": []}, {"employeeId": "00016839", "ouId": "ATSU T1 LSU A2", "productTypeId": "APO", "rankId": "SGT", "scheme": "Scheme A", "rotationOffset": 1, "local": 0, "gender": "MALE", "qualifications": [], "preferences": {}, "unavailability": []}, {"employeeId": "00016862", "ouId": "ATSU T1 LSU A2", "productTypeId": "APO", "rankId": "DEP", "scheme": "Scheme A", "rotationOffset": 1, "local": 1, "gender": "MALE", "qualifications": [], "preferences": {}, "unavailability": []}, {"employeeId": "00016930", "ouId": "ATSU T1 LSU A2", "productTypeId": "APO", "rankId": "SGT", "scheme": "Scheme A", "rotationOffset": 1, "local": 0, "gender": "FEMALE", "qualifications": [], "preferences": {}, "unavailability": []}, {"employeeId": "00017044", "ouId": "ATSU T1 LSU A1", "productTypeId": "CIV", "rankId": "MAN", "scheme": "Scheme B", "rotationOffset": 0, "local": 0, "gender": "MALE", "qualifications": [], "preferences": {}, "unavailability": []}, {"employeeId": "00017268", "ouId": "ATSU T1 LSU A2", "productTypeId": "APO", "rankId": "LCP", "scheme": "Scheme A", "rotationOffset": 1, "local": 1, "gender": "Male", "qualifications": [], "preferences": {}, "unavailability": []}, {"employeeId": "00017319", "ouId": "ATSU T1 LSU A3", "productTypeId": "APO", "rankId": "COR", "scheme": "Scheme A", "rotationOffset": 2, "local": 1, "gender": "MALE", "qualifications": [], "preferences": {}, "unavailability": []}, {"employeeId": "00017450", "ouId": "ATSU T1 LSU A1", "productTypeId": "APO", "rankId": "SGT", "scheme": "Scheme A", "rotationOffset": 0, "local": 1, "gender": "MALE", "qualifications": [], "preferences": {}, "unavailability": []}, {"employeeId": "00017614", "ouId": "ATSU T1 LSU A1", "productTypeId": "APO", "rankId": "SGT", "scheme": "Scheme A", "rotationOffset": 0, "local": 0, "gender": "MALE", "qualifications": [], "preferences": {}, "unavailability": []}, {"employeeId": "00017672", "ouId": "ATSU T1 LSU A2", "productTypeId": "APO", "rankId": "SGT", "scheme": "Scheme A", "rotationOffset": 1, "local": 1, "gender": "MALE", "qualifications": [], "preferences": {}, "unavailability": []}, {"employeeId": "00017806", "ouId": "ATSU T1 LSU A2", "productTypeId": "APO", "rankId": "SSER", "scheme": "Scheme A", "rotationOffset": 1, "local": 1, "gender": "MALE", "qualifications": [], "preferences": {}, "unavailability": []}, {"employeeId": "00017813", "ouId": "ATSU T1 LSU A1", "productTypeId": "APO", "rankId": "COR", "scheme": "Scheme A", "rotationOffset": 0, "local": 1, "gender": "MALE", "qualifications": [], "preferences": {}, "unavailability": []}, {"employeeId": "00018011", "ouId": "ATSU T1 LSU A2", "productTypeId": "APO", "rankId": "SGT", "scheme": "Scheme A", "rotationOffset": 1, "local": 0, "gender": "MALE", "qualifications": [], "preferences": {}, "unavailability": []}, {"employeeId": "00018039", "ouId": "ATSU T1 LSU A3", "productTypeId": "APO", "rankId": "SSER", "scheme": "Scheme A", "rotationOffset": 2, "local": 1, "gender": "MALE", "qualifications": [], "preferences": {}, "unavailability": []}, {"employeeId": "00018070", "ouId": "ATSU T1 LSU A2", "productTypeId": "APO", "rankId": "SGT", "scheme": "Scheme B", "rotationOffset": 1, "local": 0, "gender": "MALE", "qualifications": [], "preferences": {}, "unavailability": []}, {"employeeId": "00018332", "ouId": "ATSU T1 LSU A2", "productTypeId": "APO", "rankId": "SSGT", "scheme": "Scheme B", "rotationOffset": 1, "local": 1, "gender": "FEMALE", "qualifications": [], "preferences": {}, "unavailability": []}, {"employeeId": "00018405", "ouId": "ATSU T1 LSU A2", "productTypeId": "APO", "rankId": "SGT", "scheme": "Scheme B", "rotationOffset": 1, "local": 0, "gender": "MALE", "qualifications": [], "preferences": {}, "unavailability": []}, {"employeeId": "00018457", "ouId": "ATSU T1 LSU A3", "productTypeId": "APO", "rankId": "COR", "scheme": "Scheme A", "rotationOffset": 2, "local": 0, "gender": "MALE", "qualifications": [], "preferences": {}, "unavailability": []}, {"employeeId": "00018476", "ouId": "ATSU T1 LSU A1", "productTypeId": "APO", "rankId": "COR", "scheme": "Scheme B", "rotationOffset": 0, "local": 0, "gender": "MALE", "qualifications": [], "preferences": {}, "unavailability": []}, {"employeeId": "00018739", "ouId": "ATSU T1 LSU A2", "productTypeId": "APO", "rankId": "LCP", "scheme": "Scheme A", "rotationOffset": 1, "local": 0, "gender": "FEMALE", "qualifications": [], "preferences": {}, "unavailability": []}, {"employeeId": "00018864", "ouId": "ATSU T1 LSU A1", "productTypeId": "APO", "rankId": "SGT", "scheme": "Scheme A", "rotationOffset": 0, "local": 0, "gender": "MALE", "qualifications": [], "preferences": {}, "unavailability": []}, {"employeeId": "00019116", "ouId": "ATSU T1 LSU A3", "productTypeId": "APO", "rankId": "SGT", "scheme": "Scheme A", "rotationOffset": 2, "local": 0, "gender": "MALE", "qualifications": [], "preferences": {}, "unavailability": []}, {"employeeId": "00019138", "ouId": "ATSU T1 LSU A3", "productTypeId": "APO", "rankId": "SGT", "scheme": "Scheme A", "rotationOffset": 2, "local": 0, "gender": "MALE", "qualifications": [], "preferences": {}, "unavailability": []}, {"employeeId": "00019178", "ouId": "ATSU T1 LSU A1", "productTypeId": "APO", "rankId": "SGT", "scheme": "Scheme A", "rotationOffset": 0, "local": 1, "gender": "MALE", "qualifications": [], "preferences": {}, "unavailability": []}, {"employeeId": "00019422", "ouId": "ATSU T1 LSU A2", "productTypeId": "APO", "rankId": "SGT", "scheme": "Scheme A", "rotationOffset": 1, "local": 1, "gender": "MALE", "qualifications": [], "preferences": {}, "unavailability": []}, {"employeeId": "00021016", "ouId": "ATSU T1 LSU A3", "productTypeId": "APO", "rankId": "SGT", "scheme": "Scheme A", "rotationOffset": 2, "local": 1, "gender": "MALE", "qualifications": [], "preferences": {}, "unavailability": []}, {"employeeId": "00021110", "ouId": "ATSU T1 LSU A3", "productTypeId": "APO", "rankId": "SGT", "scheme": "Scheme A", "rotationOffset": 2, "local": 1, "gender": "MALE", "qualifications": [], "preferences": {}, "unavailability": []}, {"employeeId": "00023713", "ouId": "ATSU T1 LSU A1", "productTypeId": "APO", "rankId": "COR", "scheme": "Scheme A", "rotationOffset": 0, "local": 1, "gender": "MALE", "qualifications": [], "preferences": {}, "unavailability": []}, {"employeeId": "00024035", "ouId": "ATSU T1 LSU A3", "productTypeId": "APO", "rankId": "SGT", "scheme": "Scheme A", "rotationOffset": 2, "local": 1, "gender": "MALE", "qualifications": [], "preferences": {}, "unavailability": []}, {"employeeId": "00024360", "ouId": "ATSU T1 LSU A1", "productTypeId": "APO", "rankId": "SSER", "scheme": "Scheme B", "rotationOffset": 0, "local": 1, "gender": "MALE", "qualifications": [], "preferences": {}, "unavailability": []}, {"employeeId": "00024540", "ouId": "ATSU T1 LSU A2", "productTypeId": "APO", "rankId": "SGT", "scheme": "Scheme A", "rotationOffset": 1, "local": 0, "gender": "MALE", "qualifications": [], "preferences": {}, "unavailability": []}, {"employeeId": "00024914", "ouId": "ATSU T1 LSU A1", "productTypeId": "APO", "rankId": "SGT", "scheme": "Scheme A", "rotationOffset": 0, "local": 1, "gender": "MALE", "qualifications": [], "preferences": {}, "unavailability": []}, {"employeeId": "00025242", "ouId": "ATSU T1 LSU A3", "productTypeId": "APO", "rankId": "SGT", "scheme": "Scheme A", "rotationOffset": 2, "local": 1, "gender": "MALE", "qualifications": [], "preferences": {}, "unavailability": []}, {"employeeId": "00025411", "ouId": "ATSU T1 LSU A3", "productTypeId": "APO", "rankId": "COR", "scheme": "Scheme A", "rotationOffset": 2, "local": 1, "gender": "MALE", "qualifications": [], "preferences": {}, "unavailability": []}, {"employeeId": "00025637", "ouId": "ATSU T1 LSU A2", "productTypeId": "APO", "rankId": "SGT", "scheme": "Scheme A", "rotationOffset": 1, "local": 1, "gender": "MALE", "qualifications": [], "preferences": {}, "unavailability": []}, {"employeeId": "00025817", "ouId": "ATSU T1 LSU A2", "productTypeId": "APO", "rankId": "SGT", "scheme": "Scheme A", "rotationOffset": 1, "local": 1, "gender": "MALE", "qualifications": [], "preferences": {}, "unavailability": []}, {"employeeId": "00026296", "ouId": "ATSU T1 LSU A2", "productTypeId": "APO", "rankId": "SGT", "scheme": "Scheme A", "rotationOffset": 1, "local": 1, "gender": "MALE", "qualifications": [], "preferences": {}, "unavailability": []}, {"employeeId": "00026305", "ouId": "ATSU T1 LSU A3", "productTypeId": "APO", "rankId": "SGT", "scheme": "Scheme B", "rotationOffset": 2, "local": 1, "gender": "MALE", "qualifications": [], "preferences": {}, "unavailability": []}, {"employeeId": "00026767", "ouId": "ATSU T1 LSU A1", "productTypeId": "APO", "rankId": "COR", "scheme": "Scheme A", "rotationOffset": 0, "local": 1, "gender": "MALE", "qualifications": [], "preferences": {}, "unavailability": []}, {"employeeId": "00026870", "ouId": "ATSU T1 LSU A2", "productTypeId": "APO", "rankId": "SGT", "scheme": "Scheme A", "rotationOffset": 1, "local": 1, "gender": "MALE", "qualifications": [], "preferences": {}, "unavailability": []}, {"employeeId": "00027469", "ouId": "ATSU T1 LSU A3", "productTypeId": "APO", "rankId": "SGT", "scheme": "Scheme A", "rotationOffset": 2, "local": 0, "gender": "MALE", "qualifications": [], "preferences": {}, "unavailability": []}, {"employeeId": "00027898", "ouId": "ATSU T1 LSU A1", "productTypeId": "APO", "rankId": "COR", "scheme": "Scheme A", "rotationOffset": 0, "local": 0, "gender": "MALE", "qualifications": [], "preferences": {}, "unavailability": []}, {"employeeId": "00028276", "ouId": "ATSU T1 LSU A1", "productTypeId": "APO", "rankId": "COR", "scheme": "Scheme A", "rotationOffset": 0, "local": 1, "gender": "MALE", "qualifications": [], "preferences": {}, "unavailability": []}, {"employeeId": "00028541", "ouId": "ATSU T1 LSU A3", "productTypeId": "APO", "rankId": "SGT", "scheme": "Scheme A", "rotationOffset": 2, "local": 1, "gender": "MALE", "qualifications": [], "preferences": {}, "unavailability": []}, {"employeeId": "00028922", "ouId": "ATSU T1 LSU A2", "productTypeId": "APO", "rankId": "SGT", "scheme": "Scheme A", "rotationOffset": 1, "local": 1, "gender": "MALE", "qualifications": [], "preferences": {}, "unavailability": []}, {"employeeId": "00028954", "ouId": "ATSU T1 LSU A3", "productTypeId": "APO", "rankId": "COR", "scheme": "Scheme A", "rotationOffset": 2, "local": 1, "gender": "MALE", "qualifications": [], "preferences": {}, "unavailability": []}, {"employeeId": "00029171", "ouId": "ATSU T1 LSU A2", "productTypeId": "APO", "rankId": "SGT", "scheme": "Scheme A", "rotationOffset": 1, "local": 1, "gender": "FEMALE", "qualifications": [], "preferences": {}, "unavailability": []}, {"employeeId": "00029272", "ouId": "ATSU T1 LSU A3", "productTypeId": "APO", "rankId": "COR", "scheme": "Scheme B", "rotationOffset": 2, "local": 0, "gender": "MALE", "qualifications": [], "preferences": {}, "unavailability": []}, {"employeeId": "00029316", "ouId": "ATSU T1 LSU A2", "productTypeId": "APO", "rankId": "SGT", "scheme": "Scheme A", "rotationOffset": 1, "local": 0, "gender": "MALE", "qualifications": [], "preferences": {}, "unavailability": []}, {"employeeId": "00029637", "ouId": "ATSU T1 LSU A3", "productTypeId": "APO", "rankId": "SSER", "scheme": "Scheme A", "rotationOffset": 2, "local": 1, "gender": "MALE", "qualifications": [], "preferences": {}, "unavailability": []}, {"employeeId": "00029697", "ouId": "ATSU T1 LSU A3", "productTypeId": "APO", "rankId": "COR", "scheme": "Scheme A", "rotationOffset": 2, "local": 0, "gender": "MALE", "qualifications": [], "preferences": {}, "unavailability": []}, {"employeeId": "00030102", "ouId": "ATSU T1 LSU A3", "productTypeId": "APO", "rankId": "COR", "scheme": "Scheme A", "rotationOffset": 2, "local": 1, "gender": "MALE", "qualifications": [], "preferences": {}, "unavailability": []}, {"employeeId": "00030103", "ouId": "ATSU T1 LSU A1", "productTypeId": "APO", "rankId": "SGT", "scheme": "Scheme A", "rotationOffset": 0, "local": 1, "gender": "MALE", "qualifications": [], "preferences": {}, "unavailability": []}, {"employeeId": "00030111", "ouId": "ATSU T1 LSU A1", "productTypeId": "APO", "rankId": "SGT", "scheme": "Scheme A", "rotationOffset": 0, "local": 1, "gender": "MALE", "qualifications": [], "preferences": {}, "unavailability": []}, {"employeeId": "00030149", "ouId": "ATSU T1 LSU A1", "productTypeId": "APO", "rankId": "SGT", "scheme": "Scheme A", "rotationOffset": 0, "local": 1, "gender": "MALE", "qualifications": [], "preferences": {}, "unavailability": []}, {"employeeId": "00030214", "ouId": "ATSU T1 LSU A3", "productTypeId": "APO", "rankId": "SGT", "scheme": "Scheme A", "rotationOffset": 2, "local": 1, "gender": "MALE", "qualifications": [], "preferences": {}, "unavailability": []}, {"employeeId": "00030480", "ouId": "ATSU T1 LSU A3", "productTypeId": "APO", "rankId": "COR", "scheme": "Scheme A", "rotationOffset": 2, "local": 1, "gender": "MALE", "qualifications": [], "preferences": {}, "unavailability": []}, {"employeeId": "00030891", "ouId": "ATSU T1 LSU A2", "productTypeId": "APO", "rankId": "SGT", "scheme": "Scheme A", "rotationOffset": 1, "local": 1, "gender": "MALE", "qualifications": [], "preferences": {}, "unavailability": []}, {"employeeId": "00031052", "ouId": "ATSU T1 LSU A3", "productTypeId": "APO", "rankId": "SGT", "scheme": "Scheme A", "rotationOffset": 2, "local": 1, "gender": "MALE", "qualifications": [], "preferences": {}, "unavailability": []}, {"employeeId": "00033280", "ouId": "ATSU T1 LSU A1", "productTypeId": "APO", "rankId": "SGT", "scheme": "Scheme A", "rotationOffset": 0, "local": 0, "gender": "MALE", "qualifications": [], "preferences": {}, "unavailability": []}, {"employeeId": "00037511", "ouId": "ATSU T1 LSU A1", "productTypeId": "APO", "rankId": "COR", "scheme": "Scheme A", "rotationOffset": 0, "local": 0, "gender": "MALE", "qualifications": [], "preferences": {}, "unavailability": []}, {"employeeId": "00039323", "ouId": "ATSU T1 LSU A2", "productTypeId": "APO", "rankId": "LCP", "scheme": "Scheme A", "rotationOffset": 1, "local": 1, "gender": "MALE", "qualifications": [], "preferences": {}, "unavailability": []}, {"employeeId": "00042726", "ouId": "ATSU T1 LSU A1", "productTypeId": "APO", "rankId": "SSER", "scheme": "Scheme A", "rotationOffset": 0, "local": 0, "gender": "MALE", "qualifications": [], "preferences": {}, "unavailability": []}, {"employeeId": "00043212", "ouId": "ATSU T1 LSU A2", "productTypeId": "APO", "rankId": "COR", "scheme": "Scheme A", "rotationOffset": 1, "local": 1, "gender": "MALE", "qualifications": [], "preferences": {}, "unavailability": []}, {"employeeId": "00043568", "ouId": "ATSU T1 LSU A3", "productTypeId": "APO", "rankId": "SGT", "scheme": "Scheme A", "rotationOffset": 2, "local": 1, "gender": "MALE", "qualifications": [], "preferences": {}, "unavailability": []}, {"employeeId": "00044128", "ouId": "ATSU T1 LSU A3", "productTypeId": "APO", "rankId": "LCP", "scheme": "Scheme A", "rotationOffset": 2, "local": 1, "gender": "MALE", "qualifications": [], "preferences": {}, "unavailability": []}, {"employeeId": "00045765", "ouId": "ATSU T1 LSU A2", "productTypeId": "APO", "rankId": "COR", "scheme": "Scheme B", "rotationOffset": 1, "local": 0, "gender": "MALE", "qualifications": [], "preferences": {}, "unavailability": []}, {"employeeId": "00045844", "ouId": "ATSU T1 LSU A1", "productTypeId": "APO", "rankId": "COR", "scheme": "Scheme A", "rotationOffset": 0, "local": 0, "gender": "MALE", "qualifications": [], "preferences": {}, "unavailability": []}, {"employeeId": "00047605", "ouId": "ATSU T1 LSU A1", "productTypeId": "APO", "rankId": "SGT", "scheme": "Scheme B", "rotationOffset": 0, "local": 0, "gender": "FEMALE", "qualifications": [], "preferences": {}, "unavailability": []}, {"employeeId": "00049270", "ouId": "ATSU T1 LSU A2", "productTypeId": "APO", "rankId": "COR", "scheme": "Scheme A", "rotationOffset": 1, "local": 0, "gender": "MALE", "qualifications": [], "preferences": {}, "unavailability": []}, {"employeeId": "00052099", "ouId": "ATSU T1 LSU A3", "productTypeId": "APO", "rankId": "SGT", "scheme": "Scheme A", "rotationOffset": 2, "local": 0, "gender": "MALE", "qualifications": [], "preferences": {}, "unavailability": []}, {"employeeId": "00052754", "ouId": "ATSU T1 LSU A2", "productTypeId": "APO", "rankId": "COR", "scheme": "Scheme A", "rotationOffset": 1, "local": 0, "gender": "MALE", "qualifications": [], "preferences": {}, "unavailability": []}, {"employeeId": "00053077", "ouId": "ATSU T1 LSU A1", "productTypeId": "APO", "rankId": "COR", "scheme": "Scheme A", "rotationOffset": 0, "local": 1, "gender": "MALE", "qualifications": [], "preferences": {}, "unavailability": []}, {"employeeId": "00054313", "ouId": "ATSU T1 LSU A3", "productTypeId": "APO", "rankId": "SGT", "scheme": "Scheme A", "rotationOffset": 2, "local": 0, "gender": "FEMALE", "qualifications": [], "preferences": {}, "unavailability": []}, {"employeeId": "00054564", "ouId": "ATSU T1 LSU A2", "productTypeId": "APO", "rankId": "COR", "scheme": "Scheme A", "rotationOffset": 1, "local": 0, "gender": "MALE", "qualifications": [], "preferences": {}, "unavailability": []}, {"employeeId": "00055855", "ouId": "ATSU T1 LSU A3", "productTypeId": "APO", "rankId": "COR", "scheme": "Scheme A", "rotationOffset": 2, "local": 0, "gender": "MALE", "qualifications": [], "preferences": {}, "unavailability": []}, {"employeeId": "00057898", "ouId": "ATSU T1 LSU A2", "productTypeId": "APO", "rankId": "LCP", "scheme": "Scheme B", "rotationOffset": 1, "local": 0, "gender": "MALE", "qualifications": [], "preferences": {}, "unavailability": []}, {"employeeId": "00058111", "ouId": "ATSU T1 LSU A1", "productTypeId": "APO", "rankId": "COR", "scheme": "Scheme A", "rotationOffset": 0, "local": 0, "gender": "MALE", "qualifications": [], "preferences": {}, "unavailability": []}, {"employeeId": "00059289", "ouId": "ATSU T1 LSU A2", "productTypeId": "APO", "rankId": "LCP", "scheme": "Scheme B", "rotationOffset": 1, "local": 0, "gender": "MALE", "qualifications": [], "preferences": {}, "unavailability": []}, {"employeeId": "00059690", "ouId": "ATSU T1 LSU A1", "productTypeId": "APO", "rankId": "SGT", "scheme": "Scheme A", "rotationOffset": 0, "local": 1, "gender": "MALE", "qualifications": [], "preferences": {}, "unavailability": []}, {"employeeId": "00060880", "ouId": "ATSU T1 LSU A1", "productTypeId": "APO", "rankId": "SGT", "scheme": "Scheme A", "rotationOffset": 0, "local": 0, "gender": "MALE", "qualifications": [], "preferences": {}, "unavailability": []}, {"employeeId": "00063006", "ouId": "ATSU T1 LSU A3", "productTypeId": "APO", "rankId": "COR", "scheme": "Scheme A", "rotationOffset": 2, "local": 0, "gender": "MALE", "qualifications": [], "preferences": {}, "unavailability": []}, {"employeeId": "00066299", "ouId": "ATSU T1 LSU A1", "productTypeId": "APO", "rankId": "COR", "scheme": "Scheme A", "rotationOffset": 0, "local": 1, "gender": "MALE", "qualifications": [], "preferences": {}, "unavailability": []}, {"employeeId": "00071261", "ouId": "ATSU T1 LSU A2", "productTypeId": "APO", "rankId": "COR", "scheme": "Scheme P", "rotationOffset": 1, "local": 1, "gender": "MALE", "qualifications": [], "preferences": {}, "unavailability": []}, {"employeeId": "00072107", "ouId": "ATSU T1 LSU A3", "productTypeId": "APO", "rankId": "SSER", "scheme": "Scheme A", "rotationOffset": 2, "local": 1, "gender": "MALE", "qualifications": [], "preferences": {}, "unavailability": []}, {"employeeId": "00073556", "ouId": "ATSU T1 LSU A3", "productTypeId": "APO", "rankId": "PC", "scheme": "Scheme B", "rotationOffset": 2, "local": 0, "gender": "MALE", "qualifications": [], "preferences": {}, "unavailability": []}, {"employeeId": "00075281", "ouId": "ATSU T1 LSU A1", "productTypeId": "APO", "rankId": "SSER", "scheme": "Scheme A", "rotationOffset": 0, "local": 1, "gender": "MALE", "qualifications": [], "preferences": {}, "unavailability": []}, {"employeeId": "00076621", "ouId": "ATSU T1 LSU A2", "productTypeId": "APO", "rankId": "COR", "scheme": "Scheme A", "rotationOffset": 1, "local": 0, "gender": "MALE", "qualifications": [], "preferences": {}, "unavailability": []}, {"employeeId": "00080734", "ouId": "ATSU T1 LSU A3", "productTypeId": "APO", "rankId": "COR", "scheme": "Scheme A", "rotationOffset": 2, "local": 0, "gender": "MALE", "qualifications": [], "preferences": {}, "unavailability": []}, {"employeeId": "00083949", "ouId": "ATSU T1 LSU A1", "productTypeId": "APO", "rankId": "COR", "scheme": "Scheme P", "rotationOffset": 0, "local": 1, "gender": "MALE", "qualifications": [], "preferences": {}, "unavailability": []}, {"employeeId": "00086428", "ouId": "ATSU T1 LSU A1", "productTypeId": "APOE", "rankId": "APOE3", "scheme": "Scheme B", "rotationOffset": 0, "local": 0, "gender": "MALE", "qualifications": [], "preferences": {}, "unavailability": []}, {"employeeId": "00087101", "ouId": "ATSU T1 LSU A1", "productTypeId": "APO", "rankId": "COR", "scheme": "Scheme P", "rotationOffset": 0, "local": 1, "gender": "MALE", "qualifications": [], "preferences": {}, "unavailability": []}, {"employeeId": "00088222", "ouId": "ATSU T1 LSU A3", "productTypeId": "APO", "rankId": "COR", "scheme": "Scheme P", "rotationOffset": 2, "local": 1, "gender": "MALE", "qualifications": [], "preferences": {}, "unavailability": []}, {"employeeId": "00089008", "ouId": "ATSU T1 LSU A2", "productTypeId": "APOE", "rankId": "APOAES", "scheme": "Scheme B", "rotationOffset": 1, "local": 0, "gender": "MALE", "qualifications": [], "preferences": {}, "unavailability": []}, {"employeeId": "00089938", "ouId": "ATSU T1 LSU A1", "productTypeId": "APOE", "rankId": "APOAES", "scheme": "Scheme B", "rotationOffset": 0, "local": 1, "gender": "MALE", "qualifications": [], "preferences": {}, "unavailability": []}, {"employeeId": "00090682", "ouId": "ATSU T1 LSU A1", "productTypeId": "APO", "rankId": "COR", "scheme": "Scheme P", "rotationOffset": 0, "local": 1, "gender": "MALE", "qualifications": [], "preferences": {}, "unavailability": []}, {"employeeId": "00092044", "ouId": "ATSU T1 LSU A3", "productTypeId": "APO", "rankId": "SGT", "scheme": "Scheme A", "rotationOffset": 2, "local": 0, "gender": "FEMALE", "qualifications": [], "preferences": {}, "unavailability": []}, {"employeeId": "00092350", "ouId": "ATSU T1 LSU A3", "productTypeId": "APO", "rankId": "SGT", "scheme": "Scheme P", "rotationOffset": 2, "local": 1, "gender": "MALE", "qualifications": [], "preferences": {}, "unavailability": []}, {"employeeId": "00094392", "ouId": "ATSU T1 LSU A3", "productTypeId": "APO", "rankId": "SGT", "scheme": "Scheme A", "rotationOffset": 2, "local": 0, "gender": "MALE", "qualifications": [], "preferences": {}, "unavailability": []}, {"employeeId": "00095450", "ouId": "ATSU T1 LSU A2", "productTypeId": "APO", "rankId": "COR", "scheme": "Scheme A", "rotationOffset": 1, "local": 1, "gender": "MALE", "qualifications": [], "preferences": {}, "unavailability": []}, {"employeeId": "00095865", "ouId": "ATSU T1 LSU A1", "productTypeId": "APO", "rankId": "SGT", "scheme": "Scheme A", "rotationOffset": 0, "local": 0, "gender": "MALE", "qualifications": [], "preferences": {}, "unavailability": []}, {"employeeId": "00100317", "ouId": "ATSU T1 LSU A2", "productTypeId": "APO", "rankId": "COR", "scheme": "Scheme A", "rotationOffset": 1, "local": 1, "gender": "MALE", "qualifications": [], "preferences": {}, "unavailability": []}, {"employeeId": "00102664", "ouId": "ATSU T1 LSU A2", "productTypeId": "APOE", "rankId": "APOAES", "scheme": "Scheme B", "rotationOffset": 1, "local": 1, "gender": "FEMALE", "qualifications": [], "preferences": {}, "unavailability": []}, {"employeeId": "00102842", "ouId": "ATSU T1 LSU A2", "productTypeId": "APO", "rankId": "PC", "scheme": "Scheme P", "rotationOffset": 1, "local": 1, "gender": "FEMALE", "qualifications": [], "preferences": {}, "unavailability": []}, {"employeeId": "00103304", "ouId": "ATSU T1 LSU A2", "productTypeId": "APOE", "rankId": "APOAES", "scheme": "Scheme B", "rotationOffset": 1, "local": 1, "gender": "MALE", "qualifications": [], "preferences": {}, "unavailability": []}, {"employeeId": "00103934", "ouId": "ATSU T1 LSU A2", "productTypeId": "APO", "rankId": "SGT", "scheme": "Scheme A", "rotationOffset": 1, "local": 0, "gender": "MALE", "qualifications": [], "preferences": {}, "unavailability": []}, {"employeeId": "00105018", "ouId": "ATSU T1 LSU A3", "productTypeId": "APOE", "rankId": "APOAES", "scheme": "Scheme B", "rotationOffset": 2, "local": 1, "gender": "FEMALE", "qualifications": [], "preferences": {}, "unavailability": []}, {"employeeId": "00105508", "ouId": "ATSU T1 LSU A2", "productTypeId": "APO", "rankId": "SGT", "scheme": "Scheme P", "rotationOffset": 1, "local": 1, "gender": "MALE", "qualifications": [], "preferences": {}, "unavailability": []}, {"employeeId": "00108798", "ouId": "ATSU T1 LSU A3", "productTypeId": "APO", "rankId": "COR", "scheme": "Scheme B", "rotationOffset": 2, "local": 0, "gender": "MALE", "qualifications": [], "preferences": {}, "unavailability": []}, {"employeeId": "00108927", "ouId": "ATSU T1 LSU A1", "productTypeId": "APOE", "rankId": "APOAES", "scheme": "Scheme B", "rotationOffset": 0, "local": 0, "gender": "FEMALE", "qualifications": [], "preferences": {}, "unavailability": []}, {"employeeId": "00110619", "ouId": "ATSU T1 LSU A3", "productTypeId": "APOE", "rankId": "APOAES", "scheme": "Scheme B", "rotationOffset": 2, "local": 1, "gender": "MALE", "qualifications": [], "preferences": {}, "unavailability": []}, {"employeeId": "00110994", "ouId": "ATSU T1 LSU A2", "productTypeId": "APOE", "rankId": "APOE3", "scheme": "Scheme B", "rotationOffset": 1, "local": 0, "gender": "FEMALE", "qualifications": [], "preferences": {}, "unavailability": []}, {"employeeId": "00112831", "ouId": "ATSU T1 LSU A1", "productTypeId": "APO", "rankId": "SGT", "scheme": "Scheme A", "rotationOffset": 0, "local": 1, "gender": "MALE", "qualifications": [], "preferences": {}, "unavailability": []}, {"employeeId": "00113263", "ouId": "ATSU T1 LSU A1", "productTypeId": "APOE", "rankId": "APOAES", "scheme": "Scheme B", "rotationOffset": 0, "local": 1, "gender": "MALE", "qualifications": [], "preferences": {}, "unavailability": []}, {"employeeId": "00114074", "ouId": "ATSU T1 LSU A3", "productTypeId": "APO", "rankId": "COR", "scheme": "Scheme P", "rotationOffset": 2, "local": 0, "gender": "MALE", "qualifications": [], "preferences": {}, "unavailability": []}, {"employeeId": "00120417", "ouId": "ATSU T1 LSU A1", "productTypeId": "APO", "rankId": "COR", "scheme": "Scheme A", "rotationOffset": 0, "local": 0, "gender": "MALE", "qualifications": [], "preferences": {}, "unavailability": []}, {"employeeId": "00120813", "ouId": "ATSU T1 LSU A2", "productTypeId": "APO", "rankId": "COR", "scheme": "Scheme A", "rotationOffset": 1, "local": 0, "gender": "MALE", "qualifications": [], "preferences": {}, "unavailability": []}, {"employeeId": "00121815", "ouId": "ATSU T1 LSU A1", "productTypeId": "APO", "rankId": "SGT", "scheme": "Scheme A", "rotationOffset": 0, "local": 1, "gender": "MALE", "qualifications": [], "preferences": {}, "unavailability": []}, {"employeeId": "00123392", "ouId": "ATSU T1 LSU A1", "productTypeId": "APOE", "rankId": "APOE1", "scheme": "Scheme B", "rotationOffset": 0, "local": 0, "gender": "MALE", "qualifications": [], "preferences": {}, "unavailability": []}, {"employeeId": "00124808", "ouId": "ATSU T1 LSU A1", "productTypeId": "APOE", "rankId": "APOES", "scheme": "Scheme B", "rotationOffset": 0, "local": 1, "gender": "MALE", "qualifications": [], "preferences": {}, "unavailability": []}, {"employeeId": "00124812", "ouId": "ATSU T1 LSU A3", "productTypeId": "APOE", "rankId": "APOAES", "scheme": "Scheme B", "rotationOffset": 2, "local": 0, "gender": "FEMALE", "qualifications": [], "preferences": {}, "unavailability": []}, {"employeeId": "00124970", "ouId": "ATSU T1 LSU A2", "productTypeId": "APO", "rankId": "COR", "scheme": "Scheme A", "rotationOffset": 1, "local": 1, "gender": "MALE", "qualifications": [], "preferences": {}, "unavailability": []}, {"employeeId": "00125764", "ouId": "ATSU T1 LSU A3", "productTypeId": "APO", "rankId": "SGT", "scheme": "Scheme A", "rotationOffset": 2, "local": 0, "gender": "FEMALE", "qualifications": [], "preferences": {}, "unavailability": []}, {"employeeId": "00126186", "ouId": "ATSU T1 LSU A1", "productTypeId": "APO", "rankId": "COR", "scheme": "Scheme P", "rotationOffset": 0, "local": 1, "gender": "FEMALE", "qualifications": [], "preferences": {}, "unavailability": []}, {"employeeId": "00131929", "ouId": "ATSU T1 LSU A3", "productTypeId": "APO", "rankId": "SGT", "scheme": "Scheme A", "rotationOffset": 2, "local": 0, "gender": "MALE", "qualifications": [], "preferences": {}, "unavailability": []}, {"employeeId": "00134813", "ouId": "ATSU T1 LSU A3", "productTypeId": "APO", "rankId": "PC", "scheme": "Scheme A", "rotationOffset": 2, "local": 1, "gender": "MALE", "qualifications": [], "preferences": {}, "unavailability": []}, {"employeeId": "00135789", "ouId": "ATSU T1 LSU A3", "productTypeId": "APOE", "rankId": "APOE3", "scheme": "Scheme B", "rotationOffset": 2, "local": 1, "gender": "MALE", "qualifications": [], "preferences": {}, "unavailability": []}, {"employeeId": "00136149", "ouId": "ATSU T1 LSU A1", "productTypeId": "APOE", "rankId": "APOE3", "scheme": "Scheme B", "rotationOffset": 0, "local": 1, "gender": "MALE", "qualifications": [], "preferences": {}, "unavailability": []}, {"employeeId": "00136187", "ouId": "ATSU T1 LSU A1", "productTypeId": "APOE", "rankId": "APOE3", "scheme": "Scheme B", "rotationOffset": 0, "local": 1, "gender": "MALE", "qualifications": [], "preferences": {}, "unavailability": []}, {"employeeId": "00136261", "ouId": "ATSU T1 LSU A1", "productTypeId": "APOE", "rankId": "APOAES", "scheme": "Scheme B", "rotationOffset": 0, "local": 1, "gender": "FEMALE", "qualifications": [], "preferences": {}, "unavailability": []}, {"employeeId": "00136833", "ouId": "ATSU T1 LSU A1", "productTypeId": "APO", "rankId": "PC", "scheme": "Scheme A", "rotationOffset": 0, "local": 1, "gender": "MALE", "qualifications": [], "preferences": {}, "unavailability": []}, {"employeeId": "00137674", "ouId": "ATSU T1 LSU A1", "productTypeId": "APO", "rankId": "COR", "scheme": "Scheme A", "rotationOffset": 0, "local": 1, "gender": "MALE", "qualifications": [], "preferences": {}, "unavailability": []}, {"employeeId": "00138166", "ouId": "ATSU T1 LSU A1", "productTypeId": "APOE", "rankId": "APOE1", "scheme": "Scheme B", "rotationOffset": 0, "local": 1, "gender": "MALE", "qualifications": [], "preferences": {}, "unavailability": []}, {"employeeId": "00138980", "ouId": "ATSU T1 LSU A3", "productTypeId": "APOE", "rankId": "APOAES", "scheme": "Scheme B", "rotationOffset": 2, "local": 1, "gender": "MALE", "qualifications": [], "preferences": {}, "unavailability": []}, {"employeeId": "00139616", "ouId": "ATSU T1 LSU A2", "productTypeId": "APO", "rankId": "COR", "scheme": "Scheme A", "rotationOffset": 1, "local": 1, "gender": "MALE", "qualifications": [], "preferences": {}, "unavailability": []}, {"employeeId": "00139704", "ouId": "ATSU T1 LSU A2", "productTypeId": "APOE", "rankId": "APOE1", "scheme": "Scheme B", "rotationOffset": 1, "local": 0, "gender": "MALE", "qualifications": [], "preferences": {}, "unavailability": []}, {"employeeId": "00140651", "ouId": "ATSU T1 LSU A2", "productTypeId": "APOE", "rankId": "APOE3", "scheme": "Scheme B", "rotationOffset": 1, "local": 1, "gender": "MALE", "qualifications": [], "preferences": {}, "unavailability": []}, {"employeeId": "00140838", "ouId": "ATSU T1 LSU A3", "productTypeId": "APO", "rankId": "PC", "scheme": "Scheme A", "rotationOffset": 2, "local": 1, "gender": "MALE", "qualifications": [], "preferences": {}, "unavailability": []}, {"employeeId": "00141732", "ouId": "ATSU T1 LSU A3", "productTypeId": "APOE", "rankId": "APOE1", "scheme": "Scheme B", "rotationOffset": 2, "local": 0, "gender": "MALE", "qualifications": [], "preferences": {}, "unavailability": []}, {"employeeId": "00143002", "ouId": "ATSU T1 LSU A1", "productTypeId": "APO", "rankId": "COR", "scheme": "Scheme A", "rotationOffset": 0, "local": 1, "gender": "MALE", "qualifications": [], "preferences": {}, "unavailability": []}, {"employeeId": "00143119", "ouId": "ATSU T1 LSU A2", "productTypeId": "APO", "rankId": "COR", "scheme": "Scheme A", "rotationOffset": 1, "local": 1, "gender": "MALE", "qualifications": [], "preferences": {}, "unavailability": []}, {"employeeId": "00143987", "ouId": "ATSU T1 LSU A3", "productTypeId": "APO", "rankId": "COR", "scheme": "Scheme A", "rotationOffset": 2, "local": 1, "gender": "MALE", "qualifications": [], "preferences": {}, "unavailability": []}, {"employeeId": "00144141", "ouId": "ATSU T1 LSU A2", "productTypeId": "APOE", "rankId": "APOE2", "scheme": "Scheme B", "rotationOffset": 1, "local": 0, "gender": "MALE", "qualifications": [], "preferences": {}, "unavailability": []}, {"employeeId": "00144315", "ouId": "ATSU T1 LSU A1", "productTypeId": "APO", "rankId": "SGT", "scheme": "Scheme A", "rotationOffset": 0, "local": 1, "gender": "MALE", "qualifications": [], "preferences": {}, "unavailability": []}, {"employeeId": "00144509", "ouId": "ATSU T1 LSU A2", "productTypeId": "APO", "rankId": "COR", "scheme": "Scheme A", "rotationOffset": 1, "local": 0, "gender": "MALE", "qualifications": [], "preferences": {}, "unavailability": []}, {"employeeId": "00146666", "ouId": "ATSU T1 LSU A3", "productTypeId": "APO", "rankId": "COR", "scheme": "Scheme A", "rotationOffset": 2, "local": 0, "gender": "MALE", "qualifications": [], "preferences": {}, "unavailability": []}, {"employeeId": "00146672", "ouId": "ATSU T1 LSU A3", "productTypeId": "APOE", "rankId": "APOE3", "scheme": "Scheme B", "rotationOffset": 2, "local": 1, "gender": "MALE", "qualifications": [], "preferences": {}, "unavailability": []}, {"employeeId": "00146679", "ouId": "ATSU T1 LSU A2", "productTypeId": "APOE", "rankId": "APOAES", "scheme": "Scheme B", "rotationOffset": 1, "local": 1, "gender": "FEMALE", "qualifications": [], "preferences": {}, "unavailability": []}, {"employeeId": "00146705", "ouId": "ATSU T1 LSU A1", "productTypeId": "APOE", "rankId": "APOE3", "scheme": "Scheme B", "rotationOffset": 0, "local": 1, "gender": "MALE", "qualifications": [], "preferences": {}, "unavailability": []}, {"employeeId": "00147175", "ouId": "ATSU T1 LSU A3", "productTypeId": "APOE", "rankId": "APOE2", "scheme": "Scheme B", "rotationOffset": 2, "local": 1, "gender": "MALE", "qualifications": [], "preferences": {}, "unavailability": []}, {"employeeId": "00147429", "ouId": "ATSU T1 LSU A1", "productTypeId": "APOE", "rankId": "APOE3", "scheme": "Scheme B", "rotationOffset": 0, "local": 1, "gender": "FEMALE", "qualifications": [], "preferences": {}, "unavailability": []}, {"employeeId": "00147762", "ouId": "ATSU T1 LSU A2", "productTypeId": "APOE", "rankId": "APOE3", "scheme": "Scheme B", "rotationOffset": 1, "local": 1, "gender": "FEMALE", "qualifications": [], "preferences": {}, "unavailability": []}, {"employeeId": "00147896", "ouId": "ATSU T1 LSU A1", "productTypeId": "APOE", "rankId": "APOE2", "scheme": "Scheme B", "rotationOffset": 0, "local": 1, "gender": "MALE", "qualifications": [], "preferences": {}, "unavailability": []}, {"employeeId": "00148367", "ouId": "ATSU T1 LSU A3", "productTypeId": "APOE", "rankId": "APOE2", "scheme": "Scheme B", "rotationOffset": 2, "local": 0, "gender": "FEMALE", "qualifications": [], "preferences": {}, "unavailability": []}, {"employeeId": "00148929", "ouId": "ATSU T1 LSU A1", "productTypeId": "APO", "rankId": "COR", "scheme": "Scheme A", "rotationOffset": 0, "local": 1, "gender": "MALE", "qualifications": [], "preferences": {}, "unavailability": []}, {"employeeId": "00149743", "ouId": "ATSU T1 LSU A3", "productTypeId": "APOE", "rankId": "APOE1", "scheme": "Scheme B", "rotationOffset": 2, "local": 1, "gender": "MALE", "qualifications": [], "preferences": {}, "unavailability": []}, {"employeeId": "00152074", "ouId": "ATSU T1 LSU A2", "productTypeId": "APOE", "rankId": "APOE1", "scheme": "Scheme B", "rotationOffset": 1, "local": 0, "gender": "MALE", "qualifications": [], "preferences": {}, "unavailability": []}, {"employeeId": "00153070", "ouId": "ATSU T1 LSU A2", "productTypeId": "APO", "rankId": "COR", "scheme": "Scheme A", "rotationOffset": 1, "local": 1, "gender": "FEMALE", "qualifications": [], "preferences": {}, "unavailability": []}, {"employeeId": "00153514", "ouId": "ATSU T1 LSU A2", "productTypeId": "APOE", "rankId": "APOAES", "scheme": "Scheme B", "rotationOffset": 1, "local": 1, "gender": "FEMALE", "qualifications": [], "preferences": {}, "unavailability": []}, {"employeeId": "00153955", "ouId": "ATSU T1 LSU A1", "productTypeId": "APOE", "rankId": "APOE2", "scheme": "Scheme B", "rotationOffset": 0, "local": 0, "gender": "MALE", "qualifications": [], "preferences": {}, "unavailability": []}, {"employeeId": "00155273", "ouId": "ATSU T1 LSU A3", "productTypeId": "APOE", "rankId": "APOE3", "scheme": "Scheme B", "rotationOffset": 2, "local": 1, "gender": "FEMALE", "qualifications": [], "preferences": {}, "unavailability": []}, {"employeeId": "00156843", "ouId": "ATSU T1 LSU A2", "productTypeId": "APOE", "rankId": "APOAES", "scheme": "Scheme B", "rotationOffset": 1, "local": 1, "gender": "MALE", "qualifications": [], "preferences": {}, "unavailability": []}, {"employeeId": "00156974", "ouId": "ATSU T1 LSU A3", "productTypeId": "APOE", "rankId": "APOAES", "scheme": "Scheme B", "rotationOffset": 2, "local": 1, "gender": "MALE", "qualifications": [], "preferences": {}, "unavailability": []}, {"employeeId": "00164235", "ouId": "ATSU T1 LSU A1", "productTypeId": "APO", "rankId": "PC", "scheme": "Scheme B", "rotationOffset": 0, "local": 0, "gender": "MALE", "qualifications": [], "preferences": {}, "unavailability": []}, {"employeeId": "00164371", "ouId": "ATSU T1 LSU A1", "productTypeId": "APO", "rankId": "LCP", "scheme": "Scheme B", "rotationOffset": 0, "local": 0, "gender": "MALE", "qualifications": [], "preferences": {}, "unavailability": []}, {"employeeId": "00164538", "ouId": "ATSU T1 LSU A2", "productTypeId": "APOE", "rankId": "APOE3", "scheme": "Scheme B", "rotationOffset": 1, "local": 1, "gender": "MALE", "qualifications": [], "preferences": {}, "unavailability": []}, {"employeeId": "00164575", "ouId": "ATSU T1 LSU A3", "productTypeId": "APO", "rankId": "LCP", "scheme": "Scheme B", "rotationOffset": 2, "local": 0, "gender": "MALE", "qualifications": [], "preferences": {}, "unavailability": []}, {"employeeId": "00164623", "ouId": "ATSU T1 LSU A1", "productTypeId": "APO", "rankId": "LCP", "scheme": "Scheme B", "rotationOffset": 0, "local": 0, "gender": "MALE", "qualifications": [], "preferences": {}, "unavailability": []}, {"employeeId": "00164641", "ouId": "ATSU T1 LSU A2", "productTypeId": "APO", "rankId": "LCP", "scheme": "Scheme B", "rotationOffset": 1, "local": 0, "gender": "FEMALE", "qualifications": [], "preferences": {}, "unavailability": []}, {"employeeId": "00164706", "ouId": "ATSU T1 LSU A3", "productTypeId": "APO", "rankId": "LCP", "scheme": "Scheme B", "rotationOffset": 2, "local": 0, "gender": "MALE", "qualifications": [], "preferences": {}, "unavailability": []}, {"employeeId": "00165307", "ouId": "ATSU T1 LSU A3", "productTypeId": "APO", "rankId": "COR", "scheme": "Scheme A", "rotationOffset": 2, "local": 1, "gender": "MALE", "qualifications": [], "preferences": {}, "unavailability": []}, {"employeeId": "00166253", "ouId": "ATSU T1 LSU A3", "productTypeId": "APO", "rankId": "PC", "scheme": "Scheme B", "rotationOffset": 2, "local": 0, "gender": "MALE", "qualifications": [], "preferences": {}, "unavailability": []}, {"employeeId": "00166906", "ouId": "ATSU T1 LSU A2", "productTypeId": "AVSO", "rankId": "ASO", "scheme": "Scheme A", "rotationOffset": 1, "local": 1, "gender": "MALE", "qualifications": [], "preferences": {}, "unavailability": []}, {"employeeId": "00167039", "ouId": "ATSU T1 LSU A3", "productTypeId": "AVSO", "rankId": "ASO", "scheme": "Scheme A", "rotationOffset": 2, "local": 1, "gender": "MALE", "qualifications": [], "preferences": {}, "unavailability": []}, {"employeeId": "00167070", "ouId": "ATSU T1 LSU A2", "productTypeId": "APOE", "rankId": "APOE1", "scheme": "Scheme B", "rotationOffset": 1, "local": 1, "gender": "MALE", "qualifications": [], "preferences": {}, "unavailability": []}, {"employeeId": "00167775", "ouId": "ATSU T1 LSU A1", "productTypeId": "APO", "rankId": "PC", "scheme": "Scheme B", "rotationOffset": 0, "local": 0, "gender": "MALE", "qualifications": [], "preferences": {}, "unavailability": []}, {"employeeId": "00167818", "ouId": "ATSU T1 LSU A2", "productTypeId": "APO", "rankId": "PC", "scheme": "Scheme A", "rotationOffset": 1, "local": 1, "gender": "FEMALE", "qualifications": [], "preferences": {}, "unavailability": []}, {"employeeId": "00167867", "ouId": "ATSU T1 LSU A3", "productTypeId": "APO", "rankId": "COR", "scheme": "Scheme A", "rotationOffset": 2, "local": 0, "gender": "MALE", "qualifications": [], "preferences": {}, "unavailability": []}, {"employeeId": "00167875", "ouId": "ATSU T1 LSU A1", "productTypeId": "APO", "rankId": "SGT", "scheme": "Scheme A", "rotationOffset": 0, "local": 0, "gender": "MALE", "qualifications": [], "preferences": {}, "unavailability": []}, {"employeeId": "00167911", "ouId": "ATSU T1 LSU A2", "productTypeId": "APO", "rankId": "COR", "scheme": "Scheme A", "rotationOffset": 1, "local": 1, "gender": "MALE", "qualifications": [], "preferences": {}, "unavailability": []}, {"employeeId": "00167913", "ouId": "ATSU T1 LSU A3", "productTypeId": "APO", "rankId": "COR", "scheme": "Scheme A", "rotationOffset": 2, "local": 1, "gender": "FEMALE", "qualifications": [], "preferences": {}, "unavailability": []}, {"employeeId": "00167938", "ouId": "ATSU T1 LSU A1", "productTypeId": "APO", "rankId": "COR", "scheme": "Scheme A", "rotationOffset": 0, "local": 1, "gender": "MALE", "qualifications": [], "preferences": {}, "unavailability": []}, {"employeeId": "00168089", "ouId": "ATSU T1 LSU A2", "productTypeId": "APO", "rankId": "COR", "scheme": "Scheme A", "rotationOffset": 1, "local": 1, "gender": "MALE", "qualifications": [], "preferences": {}, "unavailability": []}, {"employeeId": "00168157", "ouId": "ATSU T1 LSU A3", "productTypeId": "APO", "rankId": "COR", "scheme": "Scheme A", "rotationOffset": 2, "local": 1, "gender": "MALE", "qualifications": [], "preferences": {}, "unavailability": []}, {"employeeId": "00168273", "ouId": "ATSU T1 LSU A1", "productTypeId": "APO", "rankId": "PC", "scheme": "Scheme B", "rotationOffset": 0, "local": 0, "gender": "MALE", "qualifications": [], "preferences": {}, "unavailability": []}, {"employeeId": "00168274", "ouId": "ATSU T1 LSU A2", "productTypeId": "APO", "rankId": "PC", "scheme": "Scheme B", "rotationOffset": 1, "local": 0, "gender": "FEMALE", "qualifications": [], "preferences": {}, "unavailability": []}, {"employeeId": "00168275", "ouId": "ATSU T1 LSU A3", "productTypeId": "APO", "rankId": "PC", "scheme": "Scheme B", "rotationOffset": 2, "local": 0, "gender": "MALE", "qualifications": [], "preferences": {}, "unavailability": []}, {"employeeId": "00168606", "ouId": "ATSU T1 LSU A1", "productTypeId": "APO", "rankId": "COR", "scheme": "Scheme A", "rotationOffset": 0, "local": 0, "gender": "MALE", "qualifications": [], "preferences": {}, "unavailability": []}, {"employeeId": "00168988", "ouId": "ATSU T1 LSU A3", "productTypeId": "APOE", "rankId": "APOAES", "scheme": "Scheme B", "rotationOffset": 2, "local": 1, "gender": "FEMALE", "qualifications": [], "preferences": {}, "unavailability": []}, {"employeeId": "00169253", "ouId": "ATSU T1 LSU A1", "productTypeId": "APOE", "rankId": "APOAES", "scheme": "Scheme B", "rotationOffset": 0, "local": 1, "gender": "MALE", "qualifications": [], "preferences": {}, "unavailability": []}, {"employeeId": "00169411", "ouId": "ATSU T1 LSU A3", "productTypeId": "APOE", "rankId": "APOE3", "scheme": "Scheme B", "rotationOffset": 2, "local": 1, "gender": "MALE", "qualifications": [], "preferences": {}, "unavailability": []}, {"employeeId": "00169438", "ouId": "ATSU T1 LSU A2", "productTypeId": "APO", "rankId": "COR", "scheme": "Scheme A", "rotationOffset": 1, "local": 1, "gender": "MALE", "qualifications": [], "preferences": {}, "unavailability": []}, {"employeeId": "00169597", "ouId": "ATSU T1 LSU A3", "productTypeId": "APO", "rankId": "COR", "scheme": "Scheme A", "rotationOffset": 2, "local": 1, "gender": "MALE", "qualifications": [], "preferences": {}, "unavailability": []}, {"employeeId": "00169894", "ouId": "ATSU T1 LSU A1", "productTypeId": "APO", "rankId": "SGT", "scheme": "Scheme A", "rotationOffset": 0, "local": 1, "gender": "MALE", "qualifications": [], "preferences": {}, "unavailability": []}, {"employeeId": "00170174", "ouId": "ATSU T1 LSU A2", "productTypeId": "APO", "rankId": "COR", "scheme": "Scheme A", "rotationOffset": 1, "local": 1, "gender": "MALE", "qualifications": [], "preferences": {}, "unavailability": []}, {"employeeId": "00170294", "ouId": "ATSU T1 LSU A3", "productTypeId": "APO", "rankId": "COR", "scheme": "Scheme A", "rotationOffset": 2, "local": 1, "gender": "MALE", "qualifications": [], "preferences": {}, "unavailability": []}, {"employeeId": "00170319", "ouId": "ATSU T1 LSU A1", "productTypeId": "APO", "rankId": "COR", "scheme": "Scheme A", "rotationOffset": 0, "local": 1, "gender": "MALE", "qualifications": [], "preferences": {}, "unavailability": []}, {"employeeId": "00170614", "ouId": "ATSU T1 LSU A2", "productTypeId": "APO", "rankId": "REC", "scheme": "Scheme B", "rotationOffset": 1, "local": 0, "gender": "MALE", "qualifications": [], "preferences": {}, "unavailability": []}, {"employeeId": "00170621", "ouId": "ATSU T1 LSU A3", "productTypeId": "APO", "rankId": "SGT", "scheme": "Scheme A", "rotationOffset": 2, "local": 1, "gender": "MALE", "qualifications": [], "preferences": {}, "unavailability": []}, {"employeeId": "00170844", "ouId": "ATSU T1 LSU A1", "productTypeId": "APO", "rankId": "SGT", "scheme": "Scheme A", "rotationOffset": 0, "local": 1, "gender": "MALE", "qualifications": [], "preferences": {}, "unavailability": []}, {"employeeId": "00171049", "ouId": "ATSU T1 LSU A3", "productTypeId": "APO", "rankId": "SGT", "scheme": "Scheme A", "rotationOffset": 2, "local": 1, "gender": "MALE", "qualifications": [], "preferences": {}, "unavailability": []}, {"employeeId": "00171051", "ouId": "ATSU T1 LSU A2", "productTypeId": "APO", "rankId": "COR", "scheme": "Scheme A", "rotationOffset": 1, "local": 1, "gender": "MALE", "qualifications": [], "preferences": {}, "unavailability": []}, {"employeeId": "00171073", "ouId": "ATSU T1 LSU A1", "productTypeId": "APO", "rankId": "REC", "scheme": "Scheme B", "rotationOffset": 0, "local": 0, "gender": "FEMALE", "qualifications": [], "preferences": {}, "unavailability": []}, {"employeeId": "00171112", "ouId": "ATSU T1 LSU A2", "productTypeId": "APO", "rankId": "PC", "scheme": "Scheme B", "rotationOffset": 1, "local": 0, "gender": "MALE", "qualifications": [], "preferences": {}, "unavailability": []}, {"employeeId": "00171118", "ouId": "ATSU T1 LSU A3", "productTypeId": "APO", "rankId": "PC", "scheme": "Scheme B", "rotationOffset": 2, "local": 0, "gender": "MALE", "qualifications": [], "preferences": {}, "unavailability": []}, {"employeeId": "00171119", "ouId": "ATSU T1 LSU A1", "productTypeId": "APO", "rankId": "PC", "scheme": "Scheme B", "rotationOffset": 0, "local": 0, "gender": "FEMALE", "qualifications": [], "preferences": {}, "unavailability": []}, {"employeeId": "00171120", "ouId": "ATSU T1 LSU A2", "productTypeId": "APO", "rankId": "PC", "scheme": "Scheme B", "rotationOffset": 1, "local": 0, "gender": "MALE", "qualifications": [], "preferences": {}, "unavailability": []}, {"employeeId": "00171121", "ouId": "ATSU T1 LSU A3", "productTypeId": "APO", "rankId": "PC", "scheme": "Scheme B", "rotationOffset": 2, "local": 0, "gender": "MALE", "qualifications": [], "preferences": {}, "unavailability": []}, {"employeeId": "00171122", "ouId": "ATSU T1 LSU A1", "productTypeId": "APO", "rankId": "PC", "scheme": "Scheme B", "rotationOffset": 0, "local": 0, "gender": "MALE", "qualifications": [], "preferences": {}, "unavailability": []}, {"employeeId": "00171123", "ouId": "ATSU T1 LSU A2", "productTypeId": "APO", "rankId": "PC", "scheme": "Scheme B", "rotationOffset": 1, "local": 0, "gender": "MALE", "qualifications": [], "preferences": {}, "unavailability": []}, {"employeeId": "00171124", "ouId": "ATSU T1 LSU A3", "productTypeId": "APO", "rankId": "PC", "scheme": "Scheme B", "rotationOffset": 2, "local": 0, "gender": "MALE", "qualifications": [], "preferences": {}, "unavailability": []}, {"employeeId": "00171125", "ouId": "ATSU T1 LSU A1", "productTypeId": "APO", "rankId": "PC", "scheme": "Scheme B", "rotationOffset": 0, "local": 0, "gender": "MALE", "qualifications": [], "preferences": {}, "unavailability": []}, {"employeeId": "00171126", "ouId": "ATSU T1 LSU A2", "productTypeId": "APO", "rankId": "PC", "scheme": "Scheme B", "rotationOffset": 1, "local": 0, "gender": "MALE", "qualifications": [], "preferences": {}, "unavailability": []}, {"employeeId": "00171127", "ouId": "ATSU T1 LSU A1", "productTypeId": "APO", "rankId": "LCP", "scheme": "Scheme B", "rotationOffset": 0, "local": 0, "gender": "MALE", "qualifications": [], "preferences": {}, "unavailability": []}, {"employeeId": "00171135", "ouId": "ATSU T1 LSU A1", "productTypeId": "APO", "rankId": "PC", "scheme": "Scheme B", "rotationOffset": 0, "local": 0, "gender": "MALE", "qualifications": [], "preferences": {}, "unavailability": []}, {"employeeId": "00171136", "ouId": "ATSU T1 LSU A2", "productTypeId": "APO", "rankId": "PC", "scheme": "Scheme B", "rotationOffset": 1, "local": 0, "gender": "MALE", "qualifications": [], "preferences": {}, "unavailability": []}, {"employeeId": "00171137", "ouId": "ATSU T1 LSU A3", "productTypeId": "APO", "rankId": "PC", "scheme": "Scheme B", "rotationOffset": 2, "local": 0, "gender": "MALE", "qualifications": [], "preferences": {}, "unavailability": []}, {"employeeId": "00171138", "ouId": "ATSU T1 LSU A1", "productTypeId": "APO", "rankId": "PC", "scheme": "Scheme B", "rotationOffset": 0, "local": 0, "gender": "MALE", "qualifications": [], "preferences": {}, "unavailability": []}, {"employeeId": "00171210", "ouId": "ATSU T1 LSU A2", "productTypeId": "APO", "rankId": "PC", "scheme": "Scheme A", "rotationOffset": 1, "local": 1, "gender": "FEMALE", "qualifications": [], "preferences": {}, "unavailability": []}, {"employeeId": "00171378", "ouId": "ATSU T1 LSU A3", "productTypeId": "APO", "rankId": "REC", "scheme": "Scheme B", "rotationOffset": 2, "local": 0, "gender": "MALE", "qualifications": [], "preferences": {}, "unavailability": []}, {"employeeId": "00171455", "ouId": "ATSU T1 LSU A1", "productTypeId": "APO", "rankId": "COR", "scheme": "Scheme B", "rotationOffset": 0, "local": 1, "gender": "MALE", "qualifications": [], "preferences": {}, "unavailability": []}, {"employeeId": "00171592", "ouId": "ATSU T1 LSU A2", "productTypeId": "APO", "rankId": "REC", "scheme": "Scheme B", "rotationOffset": 1, "local": 0, "gender": "MALE", "qualifications": [], "preferences": {}, "unavailability": []}, {"employeeId": "00171645", "ouId": "ATSU T1 LSU A3", "productTypeId": "APOE", "rankId": "APOAES", "scheme": "Scheme B", "rotationOffset": 2, "local": 1, "gender": "FEMALE", "qualifications": [], "preferences": {}, "unavailability": []}, {"employeeId": "00171646", "ouId": "ATSU T1 LSU A3", "productTypeId": "APO", "rankId": "REC", "scheme": "Scheme B", "rotationOffset": 2, "local": 0, "gender": "MALE", "qualifications": [], "preferences": {}, "unavailability": []}, {"employeeId": "00171647", "ouId": "ATSU T1 LSU A1", "productTypeId": "APO", "rankId": "REC", "scheme": "Scheme B", "rotationOffset": 0, "local": 0, "gender": "MALE", "qualifications": [], "preferences": {}, "unavailability": []}, {"employeeId": "00171706", "ouId": "ATSU T1 LSU A2", "productTypeId": "APO", "rankId": "REC", "scheme": "Scheme B", "rotationOffset": 1, "local": 0, "gender": "MALE", "qualifications": [], "preferences": {}, "unavailability": []}, {"employeeId": "00171904", "ouId": "ATSU T1 LSU A3", "productTypeId": "APO", "rankId": "COR", "scheme": "Scheme B", "rotationOffset": 2, "local": 0, "gender": "MALE", "qualifications": [], "preferences": {}, "unavailability": []}, {"employeeId": "00171905", "ouId": "ATSU T1 LSU A1", "productTypeId": "APO", "rankId": "COR", "scheme": "Scheme B", "rotationOffset": 0, "local": 0, "gender": "MALE", "qualifications": [], "preferences": {}, "unavailability": []}, {"employeeId": "00171906", "ouId": "ATSU T1 LSU A2", "productTypeId": "APO", "rankId": "COR", "scheme": "Scheme B", "rotationOffset": 1, "local": 0, "gender": "FEMALE", "qualifications": [], "preferences": {}, "unavailability": []}, {"employeeId": "00171907", "ouId": "ATSU T1 LSU A3", "productTypeId": "APO", "rankId": "COR", "scheme": "Scheme B", "rotationOffset": 2, "local": 0, "gender": "FEMALE", "qualifications": [], "preferences": {}, "unavailability": []}, {"employeeId": "00171908", "ouId": "ATSU T1 LSU A1", "productTypeId": "APO", "rankId": "COR", "scheme": "Scheme B", "rotationOffset": 0, "local": 0, "gender": "FEMALE", "qualifications": [], "preferences": {}, "unavailability": []}, {"employeeId": "00171909", "ouId": "ATSU T1 LSU A2", "productTypeId": "APO", "rankId": "COR", "scheme": "Scheme B", "rotationOffset": 1, "local": 0, "gender": "FEMALE", "qualifications": [], "preferences": {}, "unavailability": []}, {"employeeId": "00171910", "ouId": "ATSU T1 LSU A3", "productTypeId": "APO", "rankId": "REC", "scheme": "Scheme B", "rotationOffset": 2, "local": 0, "gender": "MALE", "qualifications": [], "preferences": {}, "unavailability": []}, {"employeeId": "00172003", "ouId": "ATSU T1 LSU A1", "productTypeId": "APO", "rankId": "SGT", "scheme": "Scheme A", "rotationOffset": 0, "local": 1, "gender": "MALE", "qualifications": [], "preferences": {}, "unavailability": []}, {"employeeId": "00172004", "ouId": "ATSU T1 LSU A1", "productTypeId": "APO", "rankId": "REC", "scheme": "Scheme B", "rotationOffset": 0, "local": 0, "gender": "MALE", "qualifications": [], "preferences": {}, "unavailability": []}, {"employeeId": "00172057", "ouId": "ATSU T1 LSU A2", "productTypeId": "APO", "rankId": "REC", "scheme": "Scheme B", "rotationOffset": 1, "local": 0, "gender": "MALE", "qualifications": [], "preferences": {}, "unavailability": []}, {"employeeId": "00172059", "ouId": "ATSU T1 LSU A3", "productTypeId": "APO", "rankId": "REC", "scheme": "Scheme B", "rotationOffset": 2, "local": 0, "gender": "MALE", "qualifications": [], "preferences": {}, "unavailability": []}, {"employeeId": "00172166", "ouId": "ATSU T1 LSU A1", "productTypeId": "CIV", "rankId": "REC", "scheme": "Scheme B", "rotationOffset": 0, "local": 0, "gender": "MALE", "qualifications": [], "preferences": {}, "unavailability": []}, {"employeeId": "00172174", "ouId": "ATSU T1 LSU A2", "productTypeId": "APO", "rankId": "COR", "scheme": "Scheme B", "rotationOffset": 1, "local": 0, "gender": "MALE", "qualifications": [], "preferences": {}, "unavailability": []}, {"employeeId": "00172194", "ouId": "ATSU T1 LSU A3", "productTypeId": "APO", "rankId": "REC", "scheme": "Scheme B", "rotationOffset": 2, "local": 0, "gender": "MALE", "qualifications": [], "preferences": {}, "unavailability": []}, {"employeeId": "00172267", "ouId": "ATSU T1 LSU A1", "productTypeId": "APO", "rankId": "COR", "scheme": "Scheme B", "rotationOffset": 0, "local": 0, "gender": "MALE", "qualifications": [], "preferences": {}, "unavailability": []}, {"employeeId": "00172344", "ouId": "ATSU T1 LSU A2", "productTypeId": "APO", "rankId": "COR", "scheme": "Scheme B", "rotationOffset": 1, "local": 0, "gender": "FEMALE", "qualifications": [], "preferences": {}, "unavailability": []}, {"employeeId": "00172394", "ouId": "ATSU T1 LSU A3", "productTypeId": "APO", "rankId": "REC", "scheme": "Scheme B", "rotationOffset": 2, "local": 0, "gender": "MALE", "qualifications": [], "preferences": {}, "unavailability": []}, {"employeeId": "00172624", "ouId": "ATSU T1 LSU A1", "productTypeId": "APO", "rankId": "REC", "scheme": "Scheme B", "rotationOffset": 0, "local": 0, "gender": "MALE", "qualifications": [], "preferences": {}, "unavailability": []}, {"employeeId": "00172626", "ouId": "ATSU T1 LSU A2", "productTypeId": "APO", "rankId": "REC", "scheme": "Scheme B", "rotationOffset": 1, "local": 0, "gender": "MALE", "qualifications": [], "preferences": {}, "unavailability": []}, {"employeeId": "00172679", "ouId": "ATSU T1 LSU A3", "productTypeId": "APO", "rankId": "REC", "scheme": "Scheme B", "rotationOffset": 2, "local": 0, "gender": "MALE", "qualifications": [], "preferences": {}, "unavailability": []}, {"employeeId": "00172704", "ouId": "ATSU T1 LSU A2", "productTypeId": "APO", "rankId": "REC", "scheme": "Scheme B", "rotationOffset": 1, "local": 0, "gender": "MALE", "qualifications": [], "preferences": {}, "unavailability": []}, {"employeeId": "00172707", "ouId": "ATSU T1 LSU A2", "productTypeId": "APO", "rankId": "REC", "scheme": "Scheme B", "rotationOffset": 1, "local": 0, "gender": "FEMALE", "qualifications": [], "preferences": {}, "unavailability": []}, {"employeeId": "00172709", "ouId": "ATSU T1 LSU A3", "productTypeId": "APO", "rankId": "REC", "scheme": "Scheme B", "rotationOffset": 2, "local": 0, "gender": "MALE", "qualifications": [], "preferences": {}, "unavailability": []}, {"employeeId": "00172760", "ouId": "ATSU T1 LSU A1", "productTypeId": "APO", "rankId": "REC", "scheme": "Scheme B", "rotationOffset": 0, "local": 0, "gender": "MALE", "qualifications": [], "preferences": {}, "unavailability": []}, {"employeeId": "00172761", "ouId": "ATSU T1 LSU A2", "productTypeId": "APO", "rankId": "REC", "scheme": "Scheme B", "rotationOffset": 1, "local": 0, "gender": "FEMALE", "qualifications": [], "preferences": {}, "unavailability": []}, {"employeeId": "00172877", "ouId": "ATSU T1 LSU A3", "productTypeId": "APO", "rankId": "REC", "scheme": "Scheme B", "rotationOffset": 2, "local": 0, "gender": "MALE", "qualifications": [], "preferences": {}, "unavailability": []}, {"employeeId": "00172881", "ouId": "ATSU T1 LSU A1", "productTypeId": "APO", "rankId": "REC", "scheme": "Scheme B", "rotationOffset": 0, "local": 0, "gender": "MALE", "qualifications": [], "preferences": {}, "unavailability": []}, {"employeeId": "00173010", "ouId": "ATSU T1 LSU A2", "productTypeId": "APO", "rankId": "REC", "scheme": "Scheme B", "rotationOffset": 1, "local": 0, "gender": "MALE", "qualifications": [], "preferences": {}, "unavailability": []}, {"employeeId": "00173110", "ouId": "ATSU T1 LSU A3", "productTypeId": "APO", "rankId": "REC", "scheme": "Scheme B", "rotationOffset": 2, "local": 0, "gender": "MALE", "qualifications": [], "preferences": {}, "unavailability": []}, {"employeeId": "00173259", "ouId": "ATSU T1 LSU A1", "productTypeId": "APO", "rankId": "REC", "scheme": "Scheme B", "rotationOffset": 0, "local": 0, "gender": "MALE", "qualifications": [], "preferences": {}, "unavailability": []}, {"employeeId": "00173260", "ouId": "ATSU T1 LSU A2", "productTypeId": "APO", "rankId": "REC", "scheme": "Scheme B", "rotationOffset": 1, "local": 0, "gender": "FEMALE", "qualifications": [], "preferences": {}, "unavailability": []}, {"employeeId": "00173451", "ouId": "ATSU T1 LSU A3", "productTypeId": "APO", "rankId": "REC", "scheme": "Scheme B", "rotationOffset": 2, "local": 0, "gender": "MALE", "qualifications": [], "preferences": {}, "unavailability": []}, {"employeeId": "00173588", "ouId": "ATSU T1 LSU A1", "productTypeId": "APO", "rankId": "REC", "scheme": "Scheme B", "rotationOffset": 0, "local": 0, "gender": "FEMALE", "qualifications": [], "preferences": {}, "unavailability": []}, {"employeeId": "00173618", "ouId": "ATSU T1 LSU A2", "productTypeId": "APO", "rankId": "REC", "scheme": "Scheme B", "rotationOffset": 1, "local": 0, "gender": "MALE", "qualifications": [], "preferences": {}, "unavailability": []}, {"employeeId": "00173649", "ouId": "ATSU T1 LSU A3", "productTypeId": "APO", "rankId": "REC", "scheme": "Scheme B", "rotationOffset": 2, "local": 0, "gender": "MALE", "qualifications": [], "preferences": {}, "unavailability": []}, {"employeeId": "00173762", "ouId": "ATSU T1 LSU A1", "productTypeId": "APO", "rankId": "REC", "scheme": "Scheme B", "rotationOffset": 0, "local": 0, "gender": "MALE", "qualifications": [], "preferences": {}, "unavailability": []}, {"employeeId": "00173765", "ouId": "ATSU T1 LSU A2", "productTypeId": "APO", "rankId": "REC", "scheme": "Scheme B", "rotationOffset": 1, "local": 0, "gender": "FEMALE", "qualifications": [], "preferences": {}, "unavailability": []}, {"employeeId": "00173957", "ouId": "ATSU T1 LSU A3", "productTypeId": "APO", "rankId": "REC", "scheme": "Scheme B", "rotationOffset": 2, "local": 0, "gender": "MALE", "qualifications": [], "preferences": {}, "unavailability": []}, {"employeeId": "02000011", "ouId": "ATSU T1 LSU A2", "productTypeId": "APOE", "rankId": "AHRB", "scheme": "Scheme P", "rotationOffset": 1, "local": 0, "gender": "MALE", "qualifications": [], "preferences": {}, "unavailability": []}, {"employeeId": "02000013", "ouId": "ATSU T1 LSU A1", "productTypeId": "APOE", "rankId": "COR", "scheme": "Scheme P", "rotationOffset": 0, "local": 0, "gender": "MALE", "qualifications": [], "preferences": {}, "unavailability": []}, {"employeeId": "80001134", "ouId": "ATSU T1 LSU A1", "productTypeId": "APO", "rankId": "COR", "scheme": "Scheme A", "rotationOffset": 0, "local": 0, "gender": "Male", "qualifications": [], "preferences": {}, "unavailability": []}, {"employeeId": "80001135", "ouId": "ATSU T1 LSU A1", "productTypeId": "APO", "rankId": "SGT", "scheme": "Scheme B", "rotationOffset": 0, "local": 0, "gender": "Male", "qualifications": [], "preferences": {}, "unavailability": []}, {"employeeId": "80001136", "ouId": "ATSU T1 LSU A1", "productTypeId": "APO", "rankId": "SGT", "scheme": "Scheme A", "rotationOffset": 0, "local": 0, "gender": "Male", "qualifications": [], "preferences": {}, "unavailability": []}, {"employeeId": "80001137", "ouId": "ATSU T1 LSU A1", "productTypeId": "APO", "rankId": "SGT", "scheme": "Scheme A", "rotationOffset": 0, "local": 0, "gender": "Male", "qualifications": [], "preferences": {}, "unavailability": []}, {"employeeId": "80001138", "ouId": "ATSU T1 LSU A1", "productTypeId": "APO", "rankId": "SGT", "scheme": "Scheme B", "rotationOffset": 0, "local": 0, "gender": "Male", "qualifications": [], "preferences": {}, "unavailability": []}, {"employeeId": "80001139", "ouId": "ATSU T1 LSU A1", "productTypeId": "APO", "rankId": "SGT", "scheme": "Scheme A", "rotationOffset": 0, "local": 0, "gender": "Male", "qualifications": [], "preferences": {}, "unavailability": []}, {"employeeId": "80001140", "ouId": "ATSU T1 LSU A1", "productTypeId": "APO", "rankId": "SGT", "scheme": "Scheme A", "rotationOffset": 0, "local": 0, "gender": "Male", "qualifications": [], "preferences": {}, "unavailability": []}, {"employeeId": "EMP41317", "ouId": "ATSU T1 LSU A3", "productTypeId": "APO", "rankId": "APOE1", "scheme": "Scheme P", "rotationOffset": 2, "local": 0, "gender": "F", "qualifications": [], "preferences": {}, "unavailability": []}], "constraintList": [{"id": "maxConsecutiveWorkingDays", "enforcement": "hard", "description": "Maximum consecutive working days", "frequency": "Continuous", "uom": "Days", "applicableTo": {"employeeType": "Local & Foreigner", "productTypes": "All", "ranks": "All"}, "defaultValue": 12, "schemeOverrides": {"A": {"productTypes": ["APO"], "value": 8, "description": "APGD-D10 (Scheme A + APO product type) can work 8 consecutive days including off-day"}}}, {"id": "momDailyHoursCap", "enforcement": "hard", "description": "Maximum daily working hours by scheme", "frequency": "Daily", "uom": "Hours", "applicableTo": {"employeeType": "Local & Foreigner", "productTypes": "All", "ranks": "All"}, "defaultValue": 9, "schemeOverrides": {"A": 14, "B": 13, "P": 9}}, {"id": "momWeeklyHoursCap44h", "enforcement": "hard", "description": "Weekly normal hours cap (same for all schemes)", "frequency": "Weekly", "uom": "Hours", "applicableTo": {"employeeType": "Local & Foreigner", "productTypes": "All", "ranks": "All"}, "defaultValue": 44}, {"id": "minimumOffDaysPerWeek", "enforcement": "hard", "description": "Minimum off-days per week", "frequency": "Weekly", "uom": "Days", "applicableTo": {"employeeType": "Local & Foreigner", "productTypes": "All", "ranks": "All"}, "defaultValue": 1, "notes": "All schemes require 1 off-day per week. Scheme A with APO can work on off-day for up to 8 consecutive days."}, {"id": "momMonthlyOTcap72h", "enforcement": "hard", "description": "MOM Employment Act:Maximum 72 hours overtime per month", "frequency": "Monthly", "uom": "Hours", "applicableTo": {"employeeType": "Local & Foreigner", "productTypes": "All", "ranks": "All"}, "defaultValue": 72, "exemptions": [{"id": "exemption_1767083037037", "startDate": "2025-12-15", "endDate": "2025-12-31", "reason": "New Years"}]}, {"id": "momLunchBreak", "enforcement": "hard", "description": "Meal break deduction", "frequency": "Per Shift", "uom": "Minutes", "applicableTo": {"employeeType": "Local & Foreigner", "productTypes": "All", "ranks": "All"}, "defaultValue": 60, "params": {"deductIfShiftAtLeastMinutes": 480}}, {"id": "apgdMinRestBetweenShifts", "enforcement": "hard", "description": "Minimum rest between shifts", "frequency": "Between Shifts", "uom": "Hours", "applicableTo": {"employeeType": "Local & Foreigner", "productTypes": "All", "ranks": "All"}, "defaultValue": 8, "schemeOverrides": {"P": 1}, "notes": "Scheme P requires only 1 hour rest, enabling split-shift patterns. All other schemes require 8 hours."}, {"id": "oneShiftPerDay", "enforcement": "hard", "description": "Maximum shifts per day", "frequency": "Per Day", "uom": "Number", "applicableTo": {"employeeType": "Local & Foreigner", "productTypes": "All", "ranks": "All"}, "defaultValue": 1, "notes": "Currently all schemes limited to 1 shift per day. Scheme P = 2 shifts deferred for future implementation."}, {"id": "partTimerWeeklyHours", "enforcement": "hard", "description": "Part-timer weekly hour limits (Scheme P only)", "frequency": "Weekly", "uom": "Hours", "applicableTo": {"employeeType": "Local & Foreigner", "productTypes": "All", "ranks": "All"}, "params": {"maxHours4Days": 34.98, "maxHoursMoreDays": 29.98}, "notes": "<=4 working days per week:max 34.98h, >4 days per week:max 29.98h", "applicableToSchemes": ["P"]}], "monthlyHourLimits": [{"id": "standardMonthlyHours", "description": "Standard monthly working hours based on 44h/week", "frequency": "Monthly", "uom": "Hours", "enforcement": "hard", "applicableTo": {"employeeType": "All", "schemes": "All", "productTypes": "All", "ranks": "All"}, "valuesByMonthLength": {"28": {"normalHours": 176, "maxOvertimeHours": 112, "totalMaxHours": 288, "notes": "28 days in month", "calculation": "28 days \u00d7 44h/7 = 176h normal"}, "29": {"normalHours": 182, "maxOvertimeHours": 116, "totalMaxHours": 298, "notes": "29 days in month (leap year Feb)", "calculation": "29 days \u00d7 44h/7 = 182h normal"}, "30": {"normalHours": 189, "maxOvertimeHours": 120, "totalMaxHours": 309, "notes": "30 days in month", "calculation": "30 days \u00d7 44h/7 = 189h normal"}, "31": {"normalHours": 195, "maxOvertimeHours": 124, "totalMaxHours": 319, "notes": "31 days in month", "calculation": "31 days \u00d7 44h/7 = 195h normal"}}}, {"id": "apgdMinimumContractualHours", "description": "APGD-D10 minimum contractual hours for LOCAL SG/PR employees (excluding CPL and SGT who have different requirements)", "frequency": "Monthly", "uom": "Hours", "enforcement": "soft", "applicableTo": {"employeeType": "Local", "schemes": ["A"], "productTypes": ["APO"], "ranksExcluded": []}, "valuesByMonthLength": {"28": {"minimumContractualHours": 224}, "29": {"minimumContractualHours": 231}, "30": {"minimumContractualHours": 238}, "31": {"minimumContractualHours": 246}}}, {"id": "apgdMinimumContractualHoursCplSgt", "description": "APGD-D10 minimum contractual hours for FOREIGNER CPL and SGT ranks with higher requirements", "frequency": "Monthly", "uom": "Hours", "enforcement": "soft", "applicableTo": {"employeeType": "Foreigner", "schemes": ["A"], "productTypes": ["APO"], "ranks": []}, "valuesByMonthLength": {"28": {"minimumContractualHours": 244}, "29": {"minimumContractualHours": 252}, "30": {"minimumContractualHours": 260}, "31": {"minimumContractualHours": 268}}}, {"id": "apgdMaximumOvertimeHours", "description": "APGD-D10 maximum overtime hours per month (MOM limit: 72h/month)", "frequency": "Monthly", "uom": "Hours", "enforcement": "hard", "applicableTo": {"employeeType": "All", "schemes": ["A"], "productTypes": ["APO"], "ranks": "All"}, "valuesByMonthLength": {"28": {"maxOvertimeHours": 112}, "29": {"maxOvertimeHours": 116}, "30": {"maxOvertimeHours": 120}, "31": {"maxOvertimeHours": 124}}}, {"id": "apgdTotalMaxHours", "description": "APGD-D10 total maximum working hours per month (normal + OT)", "frequency": "Monthly", "uom": "Hours", "enforcement": "hard", "applicableTo": {"employeeType": "All", "schemes": ["A"], "productTypes": ["APO"], "ranks": "All"}, "valuesByMonthLength": {"28": {"totalMaxHours": 288}, "29": {"totalMaxHours": 298}, "30": {"totalMaxHours": 309}, "31": {"totalMaxHours": 319}}}, {"id": "apgdAppreciationIncentive", "description": "APGD-D10 minimum hours required to qualify for appreciation incentive", "frequency": "Monthly", "uom": "Hours", "enforcement": "soft", "applicableTo": {"employeeType": "All", "schemes": ["A"], "productTypes": ["APO"], "ranks": "All"}, "valuesByMonthLength": {"28": {"appreciationMinHours": 220}, "29": {"appreciationMinHours": 227}, "30": {"appreciationMinHours": 234}, "31": {"appreciationMinHours": 242}}}], "softConstraintWeights": {"rotationPatternCompliance": 10, "employeePreferences": 5, "consistentShiftStart": 3, "minimizeShortRestGaps": 8, "officerContinuity": 4, "minimizeTeamChanges": 2, "zonePreference": 3, "teamSizeFeasibility": 2, "travelSlackBuffer": 1, "fairOvertimeDistribution": 6, "publicHolidayCoverage": 4, "allowanceOptimization": 2, "substituteLogic": 1, "midMonthInsert": 1, "demandCoverageScore": 5, "travelSlackTime": 1}, "solverScoreConfig": {}}